-- MySQL dump 10.13  Distrib 5.7.23, for Win64 (x86_64)
--
-- Host: db4free.net    Database: monitoraggioamb
-- ------------------------------------------------------
-- Server version	8.0.13

/*!40101 SET @OLD_CHARACTER_SET_CLIENT=@@CHARACTER_SET_CLIENT */;
/*!40101 SET @OLD_CHARACTER_SET_RESULTS=@@CHARACTER_SET_RESULTS */;
/*!40101 SET @OLD_COLLATION_CONNECTION=@@COLLATION_CONNECTION */;
/*!40101 SET NAMES utf8 */;
/*!40103 SET @OLD_TIME_ZONE=@@TIME_ZONE */;
/*!40103 SET TIME_ZONE='+00:00' */;
/*!40014 SET @OLD_UNIQUE_CHECKS=@@UNIQUE_CHECKS, UNIQUE_CHECKS=0 */;
/*!40014 SET @OLD_FOREIGN_KEY_CHECKS=@@FOREIGN_KEY_CHECKS, FOREIGN_KEY_CHECKS=0 */;
/*!40101 SET @OLD_SQL_MODE=@@SQL_MODE, SQL_MODE='NO_AUTO_VALUE_ON_ZERO' */;
/*!40111 SET @OLD_SQL_NOTES=@@SQL_NOTES, SQL_NOTES=0 */;

--
-- Current Database: `monitoraggioamb`
--

CREATE DATABASE /*!32312 IF NOT EXISTS*/ `monitoraggioamb` /*!40100 DEFAULT CHARACTER SET utf8mb4 COLLATE utf8mb4_0900_ai_ci */;

USE `monitoraggioamb`;

--
-- Table structure for table `Citta`
--

DROP TABLE IF EXISTS `Citta`;
/*!40101 SET @saved_cs_client     = @@character_set_client */;
/*!40101 SET character_set_client = utf8 */;
CREATE TABLE `Citta` (
  `ID` int(10) unsigned NOT NULL AUTO_INCREMENT,
  `nome` varchar(16) NOT NULL,
  `ID_gestore` int(10) unsigned NOT NULL,
  PRIMARY KEY (`ID`),
  KEY `gestore_citta` (`ID_gestore`),
  CONSTRAINT `gestore_citta` FOREIGN KEY (`ID_gestore`) REFERENCES `Utente` (`id`)
) ENGINE=InnoDB AUTO_INCREMENT=2 DEFAULT CHARSET=utf8mb4 COLLATE=utf8mb4_0900_ai_ci ROW_FORMAT=COMPACT;
/*!40101 SET character_set_client = @saved_cs_client */;

--
-- Dumping data for table `Citta`
--

LOCK TABLES `Citta` WRITE;
/*!40000 ALTER TABLE `Citta` DISABLE KEYS */;
INSERT INTO `Citta` (`ID`, `nome`, `ID_gestore`) VALUES (1,'L\'Aquila',25);
/*!40000 ALTER TABLE `Citta` ENABLE KEYS */;
UNLOCK TABLES;

--
-- Table structure for table `Edificio`
--

DROP TABLE IF EXISTS `Edificio`;
/*!40101 SET @saved_cs_client     = @@character_set_client */;
/*!40101 SET character_set_client = utf8 */;
CREATE TABLE `Edificio` (
  `ID` int(10) unsigned NOT NULL AUTO_INCREMENT,
  `nome` varchar(30) NOT NULL,
  `ID_gestore` int(10) unsigned NOT NULL,
  `ID_Zona` int(10) unsigned NOT NULL,
  PRIMARY KEY (`ID`),
  KEY `gestore_Edificio` (`ID_gestore`),
  KEY `zona_Edificio` (`ID_Zona`),
  CONSTRAINT `gestore_Edificio` FOREIGN KEY (`ID_gestore`) REFERENCES `Utente` (`id`),
  CONSTRAINT `zona_Edificio` FOREIGN KEY (`ID_Zona`) REFERENCES `Zona` (`id`)
) ENGINE=InnoDB AUTO_INCREMENT=21 DEFAULT CHARSET=utf8mb4 COLLATE=utf8mb4_0900_ai_ci ROW_FORMAT=COMPACT;
/*!40101 SET character_set_client = @saved_cs_client */;

--
-- Dumping data for table `Edificio`
--

LOCK TABLES `Edificio` WRITE;
/*!40000 ALTER TABLE `Edificio` DISABLE KEYS */;
INSERT INTO `Edificio` (`ID`, `nome`, `ID_gestore`, `ID_Zona`) VALUES (1,'edificio1',1,1),(2,'edificio2',2,1),(3,'edificio3',3,1),(4,'edificio4',4,1),(5,'edificio5',5,1),(6,'edificio6',6,2),(7,'edificio7',7,2),(8,'edificio8',8,2),(9,'edificio9',9,2),(10,'edificio10',10,2),(11,'edificio11',11,3),(12,'edificio12',12,3),(13,'edificio13',13,3),(14,'edificio14',14,3),(15,'edificio15',15,3),(16,'edificio16',16,4),(17,'edificio17',17,4),(18,'edificio18',18,4),(19,'edificio19',19,4),(20,'edificio20',20,4);
/*!40000 ALTER TABLE `Edificio` ENABLE KEYS */;
UNLOCK TABLES;

--
-- Table structure for table `Sensore`
--

DROP TABLE IF EXISTS `Sensore`;
/*!40101 SET @saved_cs_client     = @@character_set_client */;
/*!40101 SET character_set_client = utf8 */;
CREATE TABLE `Sensore` (
  `ID` int(10) unsigned NOT NULL AUTO_INCREMENT,
  `codice` varchar(16) NOT NULL,
  `tipo` enum('umidita','pressione','luminosita','temperatura','fumo') NOT NULL,
  `stato` int(1) unsigned NOT NULL,
  `sending_time` mediumtext NOT NULL,
  `ID_Stanza` int(10) unsigned NOT NULL,
  PRIMARY KEY (`ID`),
  UNIQUE KEY `codice` (`codice`),
  KEY `Stanza_sensore` (`ID_Stanza`),
  CONSTRAINT `Stanza_sensore` FOREIGN KEY (`ID_Stanza`) REFERENCES `Stanza` (`id`)
) ENGINE=InnoDB AUTO_INCREMENT=1001 DEFAULT CHARSET=utf8mb4 COLLATE=utf8mb4_0900_ai_ci ROW_FORMAT=COMPACT;
/*!40101 SET character_set_client = @saved_cs_client */;

--
-- Dumping data for table `Sensore`
--

LOCK TABLES `Sensore` WRITE;
/*!40000 ALTER TABLE `Sensore` DISABLE KEYS */;
INSERT INTO `Sensore` (`ID`, `codice`, `tipo`, `stato`, `sending_time`, `ID_Stanza`) VALUES (1,'S1','temperatura',1,'60000',1),(2,'S2','pressione',1,'120000',1),(3,'S3','luminosita',1,'300000',1),(4,'S4','umidita',1,'90000',1),(5,'S5','temperatura',1,'60000',2),(6,'S6','pressione',1,'120000',2),(7,'S7','luminosita',1,'300000',2),(8,'S8','umidita',1,'90000',2),(9,'S9','temperatura',1,'60000',3),(10,'S10','pressione',1,'120000',3),(11,'S11','luminosita',1,'300000',3),(12,'S12','umidita',1,'90000',3),(13,'S13','temperatura',1,'60000',4),(14,'S14','pressione',1,'120000',4),(15,'S15','luminosita',1,'300000',4),(16,'S16','umidita',1,'90000',4),(17,'S17','temperatura',1,'60000',5),(18,'S18','pressione',1,'120000',5),(19,'S19','luminosita',1,'300000',5),(20,'S20','umidita',1,'90000',5),(21,'S21','temperatura',1,'60000',6),(22,'S22','pressione',1,'120000',6),(23,'S23','luminosita',1,'300000',6),(24,'S24','umidita',1,'90000',6),(25,'S25','temperatura',1,'60000',7),(26,'S26','pressione',1,'120000',7),(27,'S27','luminosita',1,'300000',7),(28,'S28','umidita',1,'90000',7),(29,'S29','temperatura',1,'60000',8),(30,'S30','pressione',1,'120000',8),(31,'S31','luminosita',1,'300000',8),(32,'S32','umidita',1,'90000',8),(33,'S33','temperatura',1,'60000',9),(34,'S34','pressione',1,'120000',9),(35,'S35','luminosita',1,'300000',9),(36,'S36','umidita',1,'90000',9),(37,'S37','temperatura',1,'60000',10),(38,'S38','pressione',1,'120000',10),(39,'S39','luminosita',1,'300000',10),(40,'S40','umidita',1,'90000',10),(41,'S41','temperatura',1,'60000',11),(42,'S42','pressione',1,'120000',11),(43,'S43','luminosita',1,'300000',11),(44,'S44','umidita',1,'90000',11),(45,'S45','temperatura',1,'60000',12),(46,'S46','pressione',1,'120000',12),(47,'S47','luminosita',1,'300000',12),(48,'S48','umidita',1,'90000',12),(49,'S49','temperatura',1,'60000',13),(50,'S50','pressione',1,'120000',13),(51,'S51','luminosita',1,'300000',13),(52,'S52','umidita',1,'90000',13),(53,'S53','temperatura',1,'60000',14),(54,'S54','pressione',1,'120000',14),(55,'S55','luminosita',1,'300000',14),(56,'S56','umidita',1,'90000',14),(57,'S57','temperatura',1,'60000',15),(58,'S58','pressione',1,'120000',15),(59,'S59','luminosita',1,'300000',15),(60,'S60','umidita',1,'90000',15),(61,'S61','temperatura',1,'60000',16),(62,'S62','pressione',1,'120000',16),(63,'S63','luminosita',1,'300000',16),(64,'S64','umidita',1,'90000',16),(65,'S65','temperatura',1,'60000',17),(66,'S66','pressione',1,'120000',17),(67,'S67','luminosita',1,'300000',17),(68,'S68','umidita',1,'90000',17),(69,'S69','temperatura',1,'60000',18),(70,'S70','pressione',1,'120000',18),(71,'S71','luminosita',1,'300000',18),(72,'S72','umidita',1,'90000',18),(73,'S73','temperatura',1,'60000',19),(74,'S74','pressione',1,'120000',19),(75,'S75','luminosita',1,'300000',19),(76,'S76','umidita',1,'90000',19),(77,'S77','temperatura',1,'60000',20),(78,'S78','pressione',1,'120000',20),(79,'S79','luminosita',1,'300000',20),(80,'S80','umidita',1,'90000',20),(81,'S81','temperatura',1,'60000',21),(82,'S82','pressione',1,'120000',21),(83,'S83','luminosita',1,'300000',21),(84,'S84','umidita',1,'90000',21),(85,'S85','temperatura',1,'60000',22),(86,'S86','pressione',1,'120000',22),(87,'S87','luminosita',1,'300000',22),(88,'S88','umidita',1,'90000',22),(89,'S89','temperatura',1,'60000',23),(90,'S90','pressione',1,'120000',23),(91,'S91','luminosita',1,'300000',23),(92,'S92','umidita',1,'90000',23),(93,'S93','temperatura',1,'60000',24),(94,'S94','pressione',1,'120000',24),(95,'S95','luminosita',1,'300000',24),(96,'S96','umidita',1,'90000',24),(97,'S97','temperatura',1,'60000',25),(98,'S98','pressione',1,'120000',25),(99,'S99','luminosita',1,'300000',25),(100,'S100','umidita',1,'90000',25),(101,'S101','temperatura',1,'60000',26),(102,'S102','pressione',1,'120000',26),(103,'S103','luminosita',1,'300000',26),(104,'S104','umidita',1,'90000',26),(105,'S105','temperatura',1,'60000',27),(106,'S106','pressione',1,'120000',27),(107,'S107','luminosita',1,'300000',27),(108,'S108','umidita',1,'90000',27),(109,'S109','temperatura',1,'60000',28),(110,'S110','pressione',1,'120000',28),(111,'S111','luminosita',1,'300000',28),(112,'S112','umidita',1,'90000',28),(113,'S113','temperatura',1,'60000',29),(114,'S114','pressione',1,'120000',29),(115,'S115','luminosita',1,'300000',29),(116,'S116','umidita',1,'90000',29),(117,'S117','temperatura',1,'60000',30),(118,'S118','pressione',1,'120000',30),(119,'S119','luminosita',1,'300000',30),(120,'S120','umidita',1,'90000',30),(121,'S121','temperatura',1,'60000',31),(122,'S122','pressione',1,'120000',31),(123,'S123','luminosita',1,'300000',31),(124,'S124','umidita',1,'90000',31),(125,'S125','temperatura',1,'60000',32),(126,'S126','pressione',1,'120000',32),(127,'S127','luminosita',1,'300000',32),(128,'S128','umidita',1,'90000',32),(129,'S129','temperatura',1,'60000',33),(130,'S130','pressione',1,'120000',33),(131,'S131','luminosita',1,'300000',33),(132,'S132','umidita',1,'90000',33),(133,'S133','temperatura',1,'60000',34),(134,'S134','pressione',1,'120000',34),(135,'S135','luminosita',1,'300000',34),(136,'S136','umidita',1,'90000',34),(137,'S137','temperatura',1,'60000',35),(138,'S138','pressione',1,'120000',35),(139,'S139','luminosita',1,'300000',35),(140,'S140','umidita',1,'90000',35),(141,'S141','temperatura',1,'60000',36),(142,'S142','pressione',1,'120000',36),(143,'S143','luminosita',1,'300000',36),(144,'S144','umidita',1,'90000',36),(145,'S145','temperatura',1,'60000',37),(146,'S146','pressione',1,'120000',37),(147,'S147','luminosita',1,'300000',37),(148,'S148','umidita',1,'90000',37),(149,'S149','temperatura',1,'60000',38),(150,'S150','pressione',1,'120000',38),(151,'S151','luminosita',1,'300000',38),(152,'S152','umidita',1,'90000',38),(153,'S153','temperatura',1,'60000',39),(154,'S154','pressione',1,'120000',39),(155,'S155','luminosita',1,'300000',39),(156,'S156','umidita',1,'90000',39),(157,'S157','temperatura',1,'60000',40),(158,'S158','pressione',1,'120000',40),(159,'S159','luminosita',1,'300000',40),(160,'S160','umidita',1,'90000',40),(161,'S161','temperatura',1,'60000',41),(162,'S162','pressione',1,'120000',41),(163,'S163','luminosita',1,'300000',41),(164,'S164','umidita',1,'90000',41),(165,'S165','temperatura',1,'60000',42),(166,'S166','pressione',1,'120000',42),(167,'S167','luminosita',1,'300000',42),(168,'S168','umidita',1,'90000',42),(169,'S169','temperatura',1,'60000',43),(170,'S170','pressione',1,'120000',43),(171,'S171','luminosita',1,'300000',43),(172,'S172','umidita',1,'90000',43),(173,'S173','temperatura',1,'60000',44),(174,'S174','pressione',1,'120000',44),(175,'S175','luminosita',1,'300000',44),(176,'S176','umidita',1,'90000',44),(177,'S177','temperatura',1,'60000',45),(178,'S178','pressione',1,'120000',45),(179,'S179','luminosita',1,'300000',45),(180,'S180','umidita',1,'90000',45),(181,'S181','temperatura',1,'60000',46),(182,'S182','pressione',1,'120000',46),(183,'S183','luminosita',1,'300000',46),(184,'S184','umidita',1,'90000',46),(185,'S185','temperatura',1,'60000',47),(186,'S186','pressione',1,'120000',47),(187,'S187','luminosita',1,'300000',47),(188,'S188','umidita',1,'90000',47),(189,'S189','temperatura',1,'60000',48),(190,'S190','pressione',1,'120000',48),(191,'S191','luminosita',1,'300000',48),(192,'S192','umidita',1,'90000',48),(193,'S193','temperatura',1,'60000',49),(194,'S194','pressione',1,'120000',49),(195,'S195','luminosita',1,'300000',49),(196,'S196','umidita',1,'90000',49),(197,'S197','temperatura',1,'60000',50),(198,'S198','pressione',1,'120000',50),(199,'S199','luminosita',1,'300000',50),(200,'S200','umidita',1,'90000',50),(201,'S201','temperatura',1,'60000',51),(202,'S202','pressione',1,'120000',51),(203,'S203','luminosita',1,'300000',51),(204,'S204','umidita',1,'90000',51),(205,'S205','temperatura',1,'60000',52),(206,'S206','pressione',1,'120000',52),(207,'S207','luminosita',1,'300000',52),(208,'S208','umidita',1,'90000',52),(209,'S209','temperatura',1,'60000',53),(210,'S210','pressione',1,'120000',53),(211,'S211','luminosita',1,'300000',53),(212,'S212','umidita',1,'90000',53),(213,'S213','temperatura',1,'60000',54),(214,'S214','pressione',1,'120000',54),(215,'S215','luminosita',1,'300000',54),(216,'S216','umidita',1,'90000',54),(217,'S217','temperatura',1,'60000',55),(218,'S218','pressione',1,'120000',55),(219,'S219','luminosita',1,'300000',55),(220,'S220','umidita',1,'90000',55),(221,'S221','temperatura',1,'60000',56),(222,'S222','pressione',1,'120000',56),(223,'S223','luminosita',1,'300000',56),(224,'S224','umidita',1,'90000',56),(225,'S225','temperatura',1,'60000',57),(226,'S226','pressione',1,'120000',57),(227,'S227','luminosita',1,'300000',57),(228,'S228','umidita',1,'90000',57),(229,'S229','temperatura',1,'60000',58),(230,'S230','pressione',1,'120000',58),(231,'S231','luminosita',1,'300000',58),(232,'S232','umidita',1,'90000',58),(233,'S233','temperatura',1,'60000',59),(234,'S234','pressione',1,'120000',59),(235,'S235','luminosita',1,'300000',59),(236,'S236','umidita',1,'90000',59),(237,'S237','temperatura',1,'60000',60),(238,'S238','pressione',1,'120000',60),(239,'S239','luminosita',1,'300000',60),(240,'S240','umidita',1,'90000',60),(241,'S241','temperatura',1,'60000',61),(242,'S242','pressione',1,'120000',61),(243,'S243','luminosita',1,'300000',61),(244,'S244','umidita',1,'90000',61),(245,'S245','temperatura',1,'60000',62),(246,'S246','pressione',1,'120000',62),(247,'S247','luminosita',1,'300000',62),(248,'S248','umidita',1,'90000',62),(249,'S249','temperatura',1,'60000',63),(250,'S250','pressione',1,'120000',63),(251,'S251','luminosita',1,'300000',63),(252,'S252','umidita',1,'90000',63),(253,'S253','temperatura',1,'60000',64),(254,'S254','pressione',1,'120000',64),(255,'S255','luminosita',1,'300000',64),(256,'S256','umidita',1,'90000',64),(257,'S257','temperatura',1,'60000',65),(258,'S258','pressione',1,'120000',65),(259,'S259','luminosita',1,'300000',65),(260,'S260','umidita',1,'90000',65),(261,'S261','temperatura',1,'60000',66),(262,'S262','pressione',1,'120000',66),(263,'S263','luminosita',1,'300000',66),(264,'S264','umidita',1,'90000',66),(265,'S265','temperatura',1,'60000',67),(266,'S266','pressione',1,'120000',67),(267,'S267','luminosita',1,'300000',67),(268,'S268','umidita',1,'90000',67),(269,'S269','temperatura',1,'60000',68),(270,'S270','pressione',1,'120000',68),(271,'S271','luminosita',1,'300000',68),(272,'S272','umidita',1,'90000',68),(273,'S273','temperatura',1,'60000',69),(274,'S274','pressione',1,'120000',69),(275,'S275','luminosita',1,'300000',69),(276,'S276','umidita',1,'90000',69),(277,'S277','temperatura',1,'60000',70),(278,'S278','pressione',1,'120000',70),(279,'S279','luminosita',1,'300000',70),(280,'S280','umidita',1,'90000',70),(281,'S281','temperatura',1,'60000',71),(282,'S282','pressione',1,'120000',71),(283,'S283','luminosita',1,'300000',71),(284,'S284','umidita',1,'90000',71),(285,'S285','temperatura',1,'60000',72),(286,'S286','pressione',1,'120000',72),(287,'S287','luminosita',1,'300000',72),(288,'S288','umidita',1,'90000',72),(289,'S289','temperatura',1,'60000',73),(290,'S290','pressione',1,'120000',73),(291,'S291','luminosita',1,'300000',73),(292,'S292','umidita',1,'90000',73),(293,'S293','temperatura',1,'60000',74),(294,'S294','pressione',1,'120000',74),(295,'S295','luminosita',1,'300000',74),(296,'S296','umidita',1,'90000',74),(297,'S297','temperatura',1,'60000',75),(298,'S298','pressione',1,'120000',75),(299,'S299','luminosita',1,'300000',75),(300,'S300','umidita',1,'90000',75),(301,'S301','temperatura',1,'60000',76),(302,'S302','pressione',1,'120000',76),(303,'S303','luminosita',1,'300000',76),(304,'S304','umidita',1,'90000',76),(305,'S305','temperatura',1,'60000',77),(306,'S306','pressione',1,'120000',77),(307,'S307','luminosita',1,'300000',77),(308,'S308','umidita',1,'90000',77),(309,'S309','temperatura',1,'60000',78),(310,'S310','pressione',1,'120000',78),(311,'S311','luminosita',1,'300000',78),(312,'S312','umidita',1,'90000',78),(313,'S313','temperatura',1,'60000',79),(314,'S314','pressione',1,'120000',79),(315,'S315','luminosita',1,'300000',79),(316,'S316','umidita',1,'90000',79),(317,'S317','temperatura',1,'60000',80),(318,'S318','pressione',1,'120000',80),(319,'S319','luminosita',1,'300000',80),(320,'S320','umidita',1,'90000',80),(321,'S321','temperatura',1,'60000',81),(322,'S322','pressione',1,'120000',81),(323,'S323','luminosita',1,'300000',81),(324,'S324','umidita',1,'90000',81),(325,'S325','temperatura',1,'60000',82),(326,'S326','pressione',1,'120000',82),(327,'S327','luminosita',1,'300000',82),(328,'S328','umidita',1,'90000',82),(329,'S329','temperatura',1,'60000',83),(330,'S330','pressione',1,'120000',83),(331,'S331','luminosita',1,'300000',83),(332,'S332','umidita',1,'90000',83),(333,'S333','temperatura',1,'60000',84),(334,'S334','pressione',1,'120000',84),(335,'S335','luminosita',1,'300000',84),(336,'S336','umidita',1,'90000',84),(337,'S337','temperatura',1,'60000',85),(338,'S338','pressione',1,'120000',85),(339,'S339','luminosita',1,'300000',85),(340,'S340','umidita',1,'90000',85),(341,'S341','temperatura',1,'60000',86),(342,'S342','pressione',1,'120000',86),(343,'S343','luminosita',1,'300000',86),(344,'S344','umidita',1,'90000',86),(345,'S345','temperatura',1,'60000',87),(346,'S346','pressione',1,'120000',87),(347,'S347','luminosita',1,'300000',87),(348,'S348','umidita',1,'90000',87),(349,'S349','temperatura',1,'60000',88),(350,'S350','pressione',1,'120000',88),(351,'S351','luminosita',1,'300000',88),(352,'S352','umidita',1,'90000',88),(353,'S353','temperatura',1,'60000',89),(354,'S354','pressione',1,'120000',89),(355,'S355','luminosita',1,'300000',89),(356,'S356','umidita',1,'90000',89),(357,'S357','temperatura',1,'60000',90),(358,'S358','pressione',1,'120000',90),(359,'S359','luminosita',1,'300000',90),(360,'S360','umidita',1,'90000',90),(361,'S361','temperatura',1,'60000',91),(362,'S362','pressione',1,'120000',91),(363,'S363','luminosita',1,'300000',91),(364,'S364','umidita',1,'90000',91),(365,'S365','temperatura',1,'60000',92),(366,'S366','pressione',1,'120000',92),(367,'S367','luminosita',1,'300000',92),(368,'S368','umidita',1,'90000',92),(369,'S369','temperatura',1,'60000',93),(370,'S370','pressione',1,'120000',93),(371,'S371','luminosita',1,'300000',93),(372,'S372','umidita',1,'90000',93),(373,'S373','temperatura',1,'60000',94),(374,'S374','pressione',1,'120000',94),(375,'S375','luminosita',1,'300000',94),(376,'S376','umidita',1,'90000',94),(377,'S377','temperatura',1,'60000',95),(378,'S378','pressione',1,'120000',95),(379,'S379','luminosita',1,'300000',95),(380,'S380','umidita',1,'90000',95),(381,'S381','temperatura',1,'60000',96),(382,'S382','pressione',1,'120000',96),(383,'S383','luminosita',1,'300000',96),(384,'S384','umidita',1,'90000',96),(385,'S385','temperatura',1,'60000',97),(386,'S386','pressione',1,'120000',97),(387,'S387','luminosita',1,'300000',97),(388,'S388','umidita',1,'90000',97),(389,'S389','temperatura',1,'60000',98),(390,'S390','pressione',1,'120000',98),(391,'S391','luminosita',1,'300000',98),(392,'S392','umidita',1,'90000',98),(393,'S393','temperatura',1,'60000',99),(394,'S394','pressione',1,'120000',99),(395,'S395','luminosita',1,'300000',99),(396,'S396','umidita',1,'90000',99),(397,'S397','temperatura',1,'60000',100),(398,'S398','pressione',1,'120000',100),(399,'S399','luminosita',1,'300000',100),(400,'S400','umidita',1,'90000',100),(401,'S401','temperatura',1,'60000',101),(402,'S402','pressione',1,'120000',101),(403,'S403','luminosita',1,'300000',101),(404,'S404','umidita',1,'90000',101),(405,'S405','temperatura',1,'60000',102),(406,'S406','pressione',1,'120000',102),(407,'S407','luminosita',1,'300000',102),(408,'S408','umidita',1,'90000',102),(409,'S409','temperatura',1,'60000',103),(410,'S410','pressione',1,'120000',103),(411,'S411','luminosita',1,'300000',103),(412,'S412','umidita',1,'90000',103),(413,'S413','temperatura',1,'60000',104),(414,'S414','pressione',1,'120000',104),(415,'S415','luminosita',1,'300000',104),(416,'S416','umidita',1,'90000',104),(417,'S417','temperatura',1,'60000',105),(418,'S418','pressione',1,'120000',105),(419,'S419','luminosita',1,'300000',105),(420,'S420','umidita',1,'90000',105),(421,'S421','temperatura',1,'60000',106),(422,'S422','pressione',1,'120000',106),(423,'S423','luminosita',1,'300000',106),(424,'S424','umidita',1,'90000',106),(425,'S425','temperatura',1,'60000',107),(426,'S426','pressione',1,'120000',107),(427,'S427','luminosita',1,'300000',107),(428,'S428','umidita',1,'90000',107),(429,'S429','temperatura',1,'60000',108),(430,'S430','pressione',1,'120000',108),(431,'S431','luminosita',1,'300000',108),(432,'S432','umidita',1,'90000',108),(433,'S433','temperatura',1,'60000',109),(434,'S434','pressione',1,'120000',109),(435,'S435','luminosita',1,'300000',109),(436,'S436','umidita',1,'90000',109),(437,'S437','temperatura',1,'60000',110),(438,'S438','pressione',1,'120000',110),(439,'S439','luminosita',1,'300000',110),(440,'S440','umidita',1,'90000',110),(441,'S441','temperatura',1,'60000',111),(442,'S442','pressione',1,'120000',111),(443,'S443','luminosita',1,'300000',111),(444,'S444','umidita',1,'90000',111),(445,'S445','temperatura',1,'60000',112),(446,'S446','pressione',1,'120000',112),(447,'S447','luminosita',1,'300000',112),(448,'S448','umidita',1,'90000',112),(449,'S449','temperatura',1,'60000',113),(450,'S450','pressione',1,'120000',113),(451,'S451','luminosita',1,'300000',113),(452,'S452','umidita',1,'90000',113),(453,'S453','temperatura',1,'60000',114),(454,'S454','pressione',1,'120000',114),(455,'S455','luminosita',1,'300000',114),(456,'S456','umidita',1,'90000',114),(457,'S457','temperatura',1,'60000',115),(458,'S458','pressione',1,'120000',115),(459,'S459','luminosita',1,'300000',115),(460,'S460','umidita',1,'90000',115),(461,'S461','temperatura',1,'60000',116),(462,'S462','pressione',1,'120000',116),(463,'S463','luminosita',1,'300000',116),(464,'S464','umidita',1,'90000',116),(465,'S465','temperatura',1,'60000',117),(466,'S466','pressione',1,'120000',117),(467,'S467','luminosita',1,'300000',117),(468,'S468','umidita',1,'90000',117),(469,'S469','temperatura',1,'60000',118),(470,'S470','pressione',1,'120000',118),(471,'S471','luminosita',1,'300000',118),(472,'S472','umidita',1,'90000',118),(473,'S473','temperatura',1,'60000',119),(474,'S474','pressione',1,'120000',119),(475,'S475','luminosita',1,'300000',119),(476,'S476','umidita',1,'90000',119),(477,'S477','temperatura',1,'60000',120),(478,'S478','pressione',1,'120000',120),(479,'S479','luminosita',1,'300000',120),(480,'S480','umidita',1,'90000',120),(481,'S481','temperatura',1,'60000',121),(482,'S482','pressione',1,'120000',121),(483,'S483','luminosita',1,'300000',121),(484,'S484','umidita',1,'90000',121),(485,'S485','temperatura',1,'60000',122),(486,'S486','pressione',1,'120000',122),(487,'S487','luminosita',1,'300000',122),(488,'S488','umidita',1,'90000',122),(489,'S489','temperatura',1,'60000',123),(490,'S490','pressione',1,'120000',123),(491,'S491','luminosita',1,'300000',123),(492,'S492','umidita',1,'90000',123),(493,'S493','temperatura',1,'60000',124),(494,'S494','pressione',1,'120000',124),(495,'S495','luminosita',1,'300000',124),(496,'S496','umidita',1,'90000',124),(497,'S497','temperatura',1,'60000',125),(498,'S498','pressione',1,'120000',125),(499,'S499','luminosita',1,'300000',125),(500,'S500','umidita',1,'90000',125),(501,'S501','temperatura',1,'60000',126),(502,'S502','pressione',1,'120000',126),(503,'S503','luminosita',1,'300000',126),(504,'S504','umidita',1,'90000',126),(505,'S505','temperatura',1,'60000',127),(506,'S506','pressione',1,'120000',127),(507,'S507','luminosita',1,'300000',127),(508,'S508','umidita',1,'90000',127),(509,'S509','temperatura',1,'60000',128),(510,'S510','pressione',1,'120000',128),(511,'S511','luminosita',1,'300000',128),(512,'S512','umidita',1,'90000',128),(513,'S513','temperatura',1,'60000',129),(514,'S514','pressione',1,'120000',129),(515,'S515','luminosita',1,'300000',129),(516,'S516','umidita',1,'90000',129),(517,'S517','temperatura',1,'60000',130),(518,'S518','pressione',1,'120000',130),(519,'S519','luminosita',1,'300000',130),(520,'S520','umidita',1,'90000',130),(521,'S521','temperatura',1,'60000',131),(522,'S522','pressione',1,'120000',131),(523,'S523','luminosita',1,'300000',131),(524,'S524','umidita',1,'90000',131),(525,'S525','temperatura',1,'60000',132),(526,'S526','pressione',1,'120000',132),(527,'S527','luminosita',1,'300000',132),(528,'S528','umidita',1,'90000',132),(529,'S529','temperatura',1,'60000',133),(530,'S530','pressione',1,'120000',133),(531,'S531','luminosita',1,'300000',133),(532,'S532','umidita',1,'90000',133),(533,'S533','temperatura',1,'60000',134),(534,'S534','pressione',1,'120000',134),(535,'S535','luminosita',1,'300000',134),(536,'S536','umidita',1,'90000',134),(537,'S537','temperatura',1,'60000',135),(538,'S538','pressione',1,'120000',135),(539,'S539','luminosita',1,'300000',135),(540,'S540','umidita',1,'90000',135),(541,'S541','temperatura',1,'60000',136),(542,'S542','pressione',1,'120000',136),(543,'S543','luminosita',1,'300000',136),(544,'S544','umidita',1,'90000',136),(545,'S545','temperatura',1,'60000',137),(546,'S546','pressione',1,'120000',137),(547,'S547','luminosita',1,'300000',137),(548,'S548','umidita',1,'90000',137),(549,'S549','temperatura',1,'60000',138),(550,'S550','pressione',1,'120000',138),(551,'S551','luminosita',1,'300000',138),(552,'S552','umidita',1,'90000',138),(553,'S553','temperatura',1,'60000',139),(554,'S554','pressione',1,'120000',139),(555,'S555','luminosita',1,'300000',139),(556,'S556','umidita',1,'90000',139),(557,'S557','temperatura',1,'60000',140),(558,'S558','pressione',1,'120000',140),(559,'S559','luminosita',1,'300000',140),(560,'S560','umidita',1,'90000',140),(561,'S561','temperatura',1,'60000',141),(562,'S562','pressione',1,'120000',141),(563,'S563','luminosita',1,'300000',141),(564,'S564','umidita',1,'90000',141),(565,'S565','temperatura',1,'60000',142),(566,'S566','pressione',1,'120000',142),(567,'S567','luminosita',1,'300000',142),(568,'S568','umidita',1,'90000',142),(569,'S569','temperatura',1,'60000',143),(570,'S570','pressione',1,'120000',143),(571,'S571','luminosita',1,'300000',143),(572,'S572','umidita',1,'90000',143),(573,'S573','temperatura',1,'60000',144),(574,'S574','pressione',1,'120000',144),(575,'S575','luminosita',1,'300000',144),(576,'S576','umidita',1,'90000',144),(577,'S577','temperatura',1,'60000',145),(578,'S578','pressione',1,'120000',145),(579,'S579','luminosita',1,'300000',145),(580,'S580','umidita',1,'90000',145),(581,'S581','temperatura',1,'60000',146),(582,'S582','pressione',1,'120000',146),(583,'S583','luminosita',1,'300000',146),(584,'S584','umidita',1,'90000',146),(585,'S585','temperatura',1,'60000',147),(586,'S586','pressione',1,'120000',147),(587,'S587','luminosita',1,'300000',147),(588,'S588','umidita',1,'90000',147),(589,'S589','temperatura',1,'60000',148),(590,'S590','pressione',1,'120000',148),(591,'S591','luminosita',1,'300000',148),(592,'S592','umidita',1,'90000',148),(593,'S593','temperatura',1,'60000',149),(594,'S594','pressione',1,'120000',149),(595,'S595','luminosita',1,'300000',149),(596,'S596','umidita',1,'90000',149),(597,'S597','temperatura',1,'60000',150),(598,'S598','pressione',1,'120000',150),(599,'S599','luminosita',1,'300000',150),(600,'S600','umidita',1,'90000',150),(601,'S601','temperatura',1,'60000',151),(602,'S602','pressione',1,'120000',151),(603,'S603','luminosita',1,'300000',151),(604,'S604','umidita',1,'90000',151),(605,'S605','temperatura',1,'60000',152),(606,'S606','pressione',1,'120000',152),(607,'S607','luminosita',1,'300000',152),(608,'S608','umidita',1,'90000',152),(609,'S609','temperatura',1,'60000',153),(610,'S610','pressione',1,'120000',153),(611,'S611','luminosita',1,'300000',153),(612,'S612','umidita',1,'90000',153),(613,'S613','temperatura',1,'60000',154),(614,'S614','pressione',1,'120000',154),(615,'S615','luminosita',1,'300000',154),(616,'S616','umidita',1,'90000',154),(617,'S617','temperatura',1,'60000',155),(618,'S618','pressione',1,'120000',155),(619,'S619','luminosita',1,'300000',155),(620,'S620','umidita',1,'90000',155),(621,'S621','temperatura',1,'60000',156),(622,'S622','pressione',1,'120000',156),(623,'S623','luminosita',1,'300000',156),(624,'S624','umidita',1,'90000',156),(625,'S625','temperatura',1,'60000',157),(626,'S626','pressione',1,'120000',157),(627,'S627','luminosita',1,'300000',157),(628,'S628','umidita',1,'90000',157),(629,'S629','temperatura',1,'60000',158),(630,'S630','pressione',1,'120000',158),(631,'S631','luminosita',1,'300000',158),(632,'S632','umidita',1,'90000',158),(633,'S633','temperatura',1,'60000',159),(634,'S634','pressione',1,'120000',159),(635,'S635','luminosita',1,'300000',159),(636,'S636','umidita',1,'90000',159),(637,'S637','temperatura',1,'60000',160),(638,'S638','pressione',1,'120000',160),(639,'S639','luminosita',1,'300000',160),(640,'S640','umidita',1,'90000',160),(641,'S641','temperatura',1,'60000',161),(642,'S642','pressione',1,'120000',161),(643,'S643','luminosita',1,'300000',161),(644,'S644','umidita',1,'90000',161),(645,'S645','temperatura',1,'60000',162),(646,'S646','pressione',1,'120000',162),(647,'S647','luminosita',1,'300000',162),(648,'S648','umidita',1,'90000',162),(649,'S649','temperatura',1,'60000',163),(650,'S650','pressione',1,'120000',163),(651,'S651','luminosita',1,'300000',163),(652,'S652','umidita',1,'90000',163),(653,'S653','temperatura',1,'60000',164),(654,'S654','pressione',1,'120000',164),(655,'S655','luminosita',1,'300000',164),(656,'S656','umidita',1,'90000',164),(657,'S657','temperatura',1,'60000',165),(658,'S658','pressione',1,'120000',165),(659,'S659','luminosita',1,'300000',165),(660,'S660','umidita',1,'90000',165),(661,'S661','temperatura',1,'60000',166),(662,'S662','pressione',1,'120000',166),(663,'S663','luminosita',1,'300000',166),(664,'S664','umidita',1,'90000',166),(665,'S665','temperatura',1,'60000',167),(666,'S666','pressione',1,'120000',167),(667,'S667','luminosita',1,'300000',167),(668,'S668','umidita',1,'90000',167),(669,'S669','temperatura',1,'60000',168),(670,'S670','pressione',1,'120000',168),(671,'S671','luminosita',1,'300000',168),(672,'S672','umidita',1,'90000',168),(673,'S673','temperatura',1,'60000',169),(674,'S674','pressione',1,'120000',169),(675,'S675','luminosita',1,'300000',169),(676,'S676','umidita',1,'90000',169),(677,'S677','temperatura',1,'60000',170),(678,'S678','pressione',1,'120000',170),(679,'S679','luminosita',1,'300000',170),(680,'S680','umidita',1,'90000',170),(681,'S681','temperatura',1,'60000',171),(682,'S682','pressione',1,'120000',171),(683,'S683','luminosita',1,'300000',171),(684,'S684','umidita',1,'90000',171),(685,'S685','temperatura',1,'60000',172),(686,'S686','pressione',1,'120000',172),(687,'S687','luminosita',1,'300000',172),(688,'S688','umidita',1,'90000',172),(689,'S689','temperatura',1,'60000',173),(690,'S690','pressione',1,'120000',173),(691,'S691','luminosita',1,'300000',173),(692,'S692','umidita',1,'90000',173),(693,'S693','temperatura',1,'60000',174),(694,'S694','pressione',1,'120000',174),(695,'S695','luminosita',1,'300000',174),(696,'S696','umidita',1,'90000',174),(697,'S697','temperatura',1,'60000',175),(698,'S698','pressione',1,'120000',175),(699,'S699','luminosita',1,'300000',175),(700,'S700','umidita',1,'90000',175),(701,'S701','temperatura',1,'60000',176),(702,'S702','pressione',1,'120000',176),(703,'S703','luminosita',1,'300000',176),(704,'S704','umidita',1,'90000',176),(705,'S705','temperatura',1,'60000',177),(706,'S706','pressione',1,'120000',177),(707,'S707','luminosita',1,'300000',177),(708,'S708','umidita',1,'90000',177),(709,'S709','temperatura',1,'60000',178),(710,'S710','pressione',1,'120000',178),(711,'S711','luminosita',1,'300000',178),(712,'S712','umidita',1,'90000',178),(713,'S713','temperatura',1,'60000',179),(714,'S714','pressione',1,'120000',179),(715,'S715','luminosita',1,'300000',179),(716,'S716','umidita',1,'90000',179),(717,'S717','temperatura',1,'60000',180),(718,'S718','pressione',1,'120000',180),(719,'S719','luminosita',1,'300000',180),(720,'S720','umidita',1,'90000',180),(721,'S721','temperatura',1,'60000',181),(722,'S722','pressione',1,'120000',181),(723,'S723','luminosita',1,'300000',181),(724,'S724','umidita',1,'90000',181),(725,'S725','temperatura',1,'60000',182),(726,'S726','pressione',1,'120000',182),(727,'S727','luminosita',1,'300000',182),(728,'S728','umidita',1,'90000',182),(729,'S729','temperatura',1,'60000',183),(730,'S730','pressione',1,'120000',183),(731,'S731','luminosita',1,'300000',183),(732,'S732','umidita',1,'90000',183),(733,'S733','temperatura',1,'60000',184),(734,'S734','pressione',1,'120000',184),(735,'S735','luminosita',1,'300000',184),(736,'S736','umidita',1,'90000',184),(737,'S737','temperatura',1,'60000',185),(738,'S738','pressione',1,'120000',185),(739,'S739','luminosita',1,'300000',185),(740,'S740','umidita',1,'90000',185),(741,'S741','temperatura',1,'60000',186),(742,'S742','pressione',1,'120000',186),(743,'S743','luminosita',1,'300000',186),(744,'S744','umidita',1,'90000',186),(745,'S745','temperatura',1,'60000',187),(746,'S746','pressione',1,'120000',187),(747,'S747','luminosita',1,'300000',187),(748,'S748','umidita',1,'90000',187),(749,'S749','temperatura',1,'60000',188),(750,'S750','pressione',1,'120000',188),(751,'S751','luminosita',1,'300000',188),(752,'S752','umidita',1,'90000',188),(753,'S753','temperatura',1,'60000',189),(754,'S754','pressione',1,'120000',189),(755,'S755','luminosita',1,'300000',189),(756,'S756','umidita',1,'90000',189),(757,'S757','temperatura',1,'60000',190),(758,'S758','pressione',1,'120000',190),(759,'S759','luminosita',1,'300000',190),(760,'S760','umidita',1,'90000',190),(761,'S761','temperatura',1,'60000',191),(762,'S762','pressione',1,'120000',191),(763,'S763','luminosita',1,'300000',191),(764,'S764','umidita',1,'90000',191),(765,'S765','temperatura',1,'60000',192),(766,'S766','pressione',1,'120000',192),(767,'S767','luminosita',1,'300000',192),(768,'S768','umidita',1,'90000',192),(769,'S769','temperatura',1,'60000',193),(770,'S770','pressione',1,'120000',193),(771,'S771','luminosita',1,'300000',193),(772,'S772','umidita',1,'90000',193),(773,'S773','temperatura',1,'60000',194),(774,'S774','pressione',1,'120000',194),(775,'S775','luminosita',1,'300000',194),(776,'S776','umidita',1,'90000',194),(777,'S777','temperatura',1,'60000',195),(778,'S778','pressione',1,'120000',195),(779,'S779','luminosita',1,'300000',195),(780,'S780','umidita',1,'90000',195),(781,'S781','temperatura',1,'60000',196),(782,'S782','pressione',1,'120000',196),(783,'S783','luminosita',1,'300000',196),(784,'S784','umidita',1,'90000',196),(785,'S785','temperatura',1,'60000',197),(786,'S786','pressione',1,'120000',197),(787,'S787','luminosita',1,'300000',197),(788,'S788','umidita',1,'90000',197),(789,'S789','temperatura',1,'60000',198),(790,'S790','pressione',1,'120000',198),(791,'S791','luminosita',1,'300000',198),(792,'S792','umidita',1,'90000',198),(793,'S793','temperatura',1,'60000',199),(794,'S794','pressione',1,'120000',199),(795,'S795','luminosita',1,'300000',199),(796,'S796','umidita',1,'90000',199),(797,'S797','temperatura',1,'60000',200),(798,'S798','pressione',1,'120000',200),(799,'S799','luminosita',1,'300000',200),(800,'S800','umidita',1,'90000',200),(801,'S801','temperatura',1,'60000',1),(802,'S802','temperatura',1,'60000',2),(803,'S803','temperatura',1,'60000',3),(804,'S804','temperatura',1,'60000',4),(805,'S805','temperatura',1,'60000',5),(806,'S806','temperatura',1,'60000',6),(807,'S807','temperatura',1,'60000',7),(808,'S808','temperatura',1,'60000',8),(809,'S809','temperatura',1,'60000',9),(810,'S810','temperatura',1,'60000',10),(811,'S811','temperatura',1,'60000',11),(812,'S812','temperatura',1,'60000',12),(813,'S813','temperatura',1,'60000',13),(814,'S814','temperatura',1,'60000',14),(815,'S815','temperatura',1,'60000',15),(816,'S816','temperatura',1,'60000',16),(817,'S817','temperatura',1,'60000',17),(818,'S818','temperatura',1,'60000',18),(819,'S819','temperatura',1,'60000',19),(820,'S820','temperatura',1,'60000',20),(821,'S821','temperatura',1,'60000',21),(822,'S822','temperatura',1,'60000',22),(823,'S823','temperatura',1,'60000',23),(824,'S824','temperatura',1,'60000',24),(825,'S825','temperatura',1,'60000',25),(826,'S826','temperatura',1,'60000',26),(827,'S827','temperatura',1,'60000',27),(828,'S828','temperatura',1,'60000',28),(829,'S829','temperatura',1,'60000',29),(830,'S830','temperatura',1,'60000',30),(831,'S831','temperatura',1,'60000',31),(832,'S832','temperatura',1,'60000',32),(833,'S833','temperatura',1,'60000',33),(834,'S834','temperatura',1,'60000',34),(835,'S835','temperatura',1,'60000',35),(836,'S836','temperatura',1,'60000',36),(837,'S837','temperatura',1,'60000',37),(838,'S838','temperatura',1,'60000',38),(839,'S839','temperatura',1,'60000',39),(840,'S840','temperatura',1,'60000',40),(841,'S841','temperatura',1,'60000',41),(842,'S842','temperatura',1,'60000',42),(843,'S843','temperatura',1,'60000',43),(844,'S844','temperatura',1,'60000',44),(845,'S845','temperatura',1,'60000',45),(846,'S846','temperatura',1,'60000',46),(847,'S847','temperatura',1,'60000',47),(848,'S848','temperatura',1,'60000',48),(849,'S849','temperatura',1,'60000',49),(850,'S850','temperatura',1,'60000',50),(851,'S851','temperatura',1,'60000',51),(852,'S852','temperatura',1,'60000',52),(853,'S853','temperatura',1,'60000',53),(854,'S854','temperatura',1,'60000',54),(855,'S855','temperatura',1,'60000',55),(856,'S856','temperatura',1,'60000',56),(857,'S857','temperatura',1,'60000',57),(858,'S858','temperatura',1,'60000',58),(859,'S859','temperatura',1,'60000',59),(860,'S860','temperatura',1,'60000',60),(861,'S861','temperatura',1,'60000',61),(862,'S862','temperatura',1,'60000',62),(863,'S863','temperatura',1,'60000',63),(864,'S864','temperatura',1,'60000',64),(865,'S865','temperatura',1,'60000',65),(866,'S866','temperatura',1,'60000',66),(867,'S867','temperatura',1,'60000',67),(868,'S868','temperatura',1,'60000',68),(869,'S869','temperatura',1,'60000',69),(870,'S870','temperatura',1,'60000',70),(871,'S871','temperatura',1,'60000',71),(872,'S872','temperatura',1,'60000',72),(873,'S873','temperatura',1,'60000',73),(874,'S874','temperatura',1,'60000',74),(875,'S875','temperatura',1,'60000',75),(876,'S876','temperatura',1,'60000',76),(877,'S877','temperatura',1,'60000',77),(878,'S878','temperatura',1,'60000',78),(879,'S879','temperatura',1,'60000',79),(880,'S880','temperatura',1,'60000',80),(881,'S881','temperatura',1,'60000',81),(882,'S882','temperatura',1,'60000',82),(883,'S883','temperatura',1,'60000',83),(884,'S884','temperatura',1,'60000',84),(885,'S885','temperatura',1,'60000',85),(886,'S886','temperatura',1,'60000',86),(887,'S887','temperatura',1,'60000',87),(888,'S888','temperatura',1,'60000',88),(889,'S889','temperatura',1,'60000',89),(890,'S890','temperatura',1,'60000',90),(891,'S891','temperatura',1,'60000',91),(892,'S892','temperatura',1,'60000',92),(893,'S893','temperatura',1,'60000',93),(894,'S894','temperatura',1,'60000',94),(895,'S895','temperatura',1,'60000',95),(896,'S896','temperatura',1,'60000',96),(897,'S897','temperatura',1,'60000',97),(898,'S898','temperatura',1,'60000',98),(899,'S899','temperatura',1,'60000',99),(900,'S900','temperatura',1,'60000',100),(901,'S901','temperatura',1,'60000',101),(902,'S902','temperatura',1,'60000',102),(903,'S903','temperatura',1,'60000',103),(904,'S904','temperatura',1,'60000',104),(905,'S905','temperatura',1,'60000',105),(906,'S906','temperatura',1,'60000',106),(907,'S907','temperatura',1,'60000',107),(908,'S908','temperatura',1,'60000',108),(909,'S909','temperatura',1,'60000',109),(910,'S910','temperatura',1,'60000',110),(911,'S911','temperatura',1,'60000',111),(912,'S912','temperatura',1,'60000',112),(913,'S913','temperatura',1,'60000',113),(914,'S914','temperatura',1,'60000',114),(915,'S915','temperatura',1,'60000',115),(916,'S916','temperatura',1,'60000',116),(917,'S917','temperatura',1,'60000',117),(918,'S918','temperatura',1,'60000',118),(919,'S919','temperatura',1,'60000',119),(920,'S920','temperatura',1,'60000',120),(921,'S921','temperatura',1,'60000',121),(922,'S922','temperatura',1,'60000',122),(923,'S923','temperatura',1,'60000',123),(924,'S924','temperatura',1,'60000',124),(925,'S925','temperatura',1,'60000',125),(926,'S926','temperatura',1,'60000',126),(927,'S927','temperatura',1,'60000',127),(928,'S928','temperatura',1,'60000',128),(929,'S929','temperatura',1,'60000',129),(930,'S930','temperatura',1,'60000',130),(931,'S931','temperatura',1,'60000',131),(932,'S932','temperatura',1,'60000',132),(933,'S933','temperatura',1,'60000',133),(934,'S934','temperatura',1,'60000',134),(935,'S935','temperatura',1,'60000',135),(936,'S936','temperatura',1,'60000',136),(937,'S937','temperatura',1,'60000',137),(938,'S938','temperatura',1,'60000',138),(939,'S939','temperatura',1,'60000',139),(940,'S940','temperatura',1,'60000',140),(941,'S941','temperatura',1,'60000',141),(942,'S942','temperatura',1,'60000',142),(943,'S943','temperatura',1,'60000',143),(944,'S944','temperatura',1,'60000',144),(945,'S945','temperatura',1,'60000',145),(946,'S946','temperatura',1,'60000',146),(947,'S947','temperatura',1,'60000',147),(948,'S948','temperatura',1,'60000',148),(949,'S949','temperatura',1,'60000',149),(950,'S950','temperatura',1,'60000',150),(951,'S954','fumo',1,'60000',4),(952,'S958','fumo',1,'60000',8),(953,'S962','fumo',1,'60000',12),(954,'S966','fumo',1,'60000',16),(955,'S970','fumo',1,'60000',20),(956,'S974','fumo',1,'60000',24),(957,'S978','fumo',1,'60000',28),(958,'S982','fumo',1,'60000',32),(959,'S986','fumo',1,'60000',36),(960,'S990','fumo',1,'60000',40),(961,'S994','fumo',1,'60000',44),(962,'S998','fumo',1,'60000',48),(963,'S1002','fumo',1,'60000',52),(964,'S1006','fumo',1,'60000',56),(965,'S1010','fumo',1,'60000',60),(966,'S1014','fumo',1,'60000',64),(967,'S1018','fumo',1,'60000',68),(968,'S1022','fumo',1,'60000',72),(969,'S1026','fumo',1,'60000',76),(970,'S1030','fumo',1,'60000',80),(971,'S1034','fumo',1,'60000',84),(972,'S1038','fumo',1,'60000',88),(973,'S1042','fumo',1,'60000',92),(974,'S1046','fumo',1,'60000',96),(975,'S1050','fumo',1,'60000',100),(976,'S1054','fumo',1,'60000',104),(977,'S1058','fumo',1,'60000',108),(978,'S1062','fumo',1,'60000',112),(979,'S1066','fumo',1,'60000',116),(980,'S1070','fumo',1,'60000',120),(981,'S1074','fumo',1,'60000',124),(982,'S1078','fumo',1,'60000',128),(983,'S1082','fumo',1,'60000',132),(984,'S1086','fumo',1,'60000',136),(985,'S1090','fumo',1,'60000',140),(986,'S1094','fumo',1,'60000',144),(987,'S1098','fumo',1,'60000',148),(988,'S1102','fumo',1,'60000',152),(989,'S1106','fumo',1,'60000',156),(990,'S1110','fumo',1,'60000',160),(991,'S1114','fumo',1,'60000',164),(992,'S1118','fumo',1,'60000',168),(993,'S1122','fumo',1,'60000',172),(994,'S1126','fumo',1,'60000',176),(995,'S1130','fumo',1,'60000',180),(996,'S1134','fumo',1,'60000',184),(997,'S1138','fumo',1,'60000',188),(998,'S1142','fumo',1,'60000',192),(999,'S1146','fumo',1,'60000',196),(1000,'S1150','fumo',1,'60000',200);
/*!40000 ALTER TABLE `Sensore` ENABLE KEYS */;
UNLOCK TABLES;

--
-- Table structure for table `Stanza`
--

DROP TABLE IF EXISTS `Stanza`;
/*!40101 SET @saved_cs_client     = @@character_set_client */;
/*!40101 SET character_set_client = utf8 */;
CREATE TABLE `Stanza` (
  `ID` int(10) unsigned NOT NULL AUTO_INCREMENT,
  `nome` varchar(16) NOT NULL,
  `piano` int(10) unsigned NOT NULL,
  `ID_ValoriAssociati` int(10) unsigned NOT NULL,
  `priorita` enum('low','medium','high') NOT NULL DEFAULT 'low',
  `ID_edificio` int(10) unsigned NOT NULL,
  PRIMARY KEY (`ID`),
  KEY `Stanza_Valori` (`ID_ValoriAssociati`),
  KEY `Stanza_Edificio` (`ID_edificio`),
  CONSTRAINT `Stanza_Edificio` FOREIGN KEY (`ID_edificio`) REFERENCES `Edificio` (`id`),
  CONSTRAINT `Stanza_Valori` FOREIGN KEY (`ID_ValoriAssociati`) REFERENCES `Valori_Associati` (`id`)
) ENGINE=InnoDB AUTO_INCREMENT=201 DEFAULT CHARSET=utf8mb4 COLLATE=utf8mb4_0900_ai_ci ROW_FORMAT=COMPACT;
/*!40101 SET character_set_client = @saved_cs_client */;

--
-- Dumping data for table `Stanza`
--

LOCK TABLES `Stanza` WRITE;
/*!40000 ALTER TABLE `Stanza` DISABLE KEYS */;
INSERT INTO `Stanza` (`ID`, `nome`, `piano`, `ID_ValoriAssociati`, `priorita`, `ID_edificio`) VALUES (1,'stanza1',0,1,'low',1),(2,'stanza2',1,2,'low',1),(3,'stanza3',0,3,'low',1),(4,'stanza4',1,4,'high',1),(5,'stanza5',0,5,'low',1),(6,'stanza6',1,6,'low',1),(7,'stanza7',0,7,'low',1),(8,'stanza8',1,8,'high',1),(9,'stanza9',0,9,'low',1),(10,'stanza10',1,10,'low',1),(11,'stanza11',0,11,'low',2),(12,'stanza12',1,12,'high',2),(13,'stanza13',0,13,'low',2),(14,'stanza14',1,14,'low',2),(15,'stanza15',0,15,'low',2),(16,'stanza16',1,16,'high',2),(17,'stanza17',0,17,'low',2),(18,'stanza18',1,18,'low',2),(19,'stanza19',0,19,'low',2),(20,'stanza20',1,20,'high',2),(21,'stanza21',0,21,'low',3),(22,'stanza22',1,22,'low',3),(23,'stanza23',0,23,'low',3),(24,'stanza24',1,24,'high',3),(25,'stanza25',0,25,'low',3),(26,'stanza26',1,26,'low',3),(27,'stanza27',0,27,'low',3),(28,'stanza28',1,28,'high',3),(29,'stanza29',0,29,'low',3),(30,'stanza30',1,30,'low',3),(31,'stanza31',0,31,'low',4),(32,'stanza32',1,32,'high',4),(33,'stanza33',0,33,'low',4),(34,'stanza34',1,34,'low',4),(35,'stanza35',0,35,'low',4),(36,'stanza36',1,36,'high',4),(37,'stanza37',0,37,'low',4),(38,'stanza38',1,38,'low',4),(39,'stanza39',0,39,'low',4),(40,'stanza40',1,40,'high',4),(41,'stanza41',0,41,'low',5),(42,'stanza42',1,42,'low',5),(43,'stanza43',0,43,'low',5),(44,'stanza44',1,44,'high',5),(45,'stanza45',0,45,'low',5),(46,'stanza46',1,46,'low',5),(47,'stanza47',0,47,'low',5),(48,'stanza48',1,48,'high',5),(49,'stanza49',0,49,'low',5),(50,'stanza50',1,50,'low',5),(51,'stanza51',0,51,'low',6),(52,'stanza52',1,52,'high',6),(53,'stanza53',0,53,'low',6),(54,'stanza54',1,54,'low',6),(55,'stanza55',0,55,'low',6),(56,'stanza56',1,56,'high',6),(57,'stanza57',0,57,'low',6),(58,'stanza58',1,58,'low',6),(59,'stanza59',0,59,'low',6),(60,'stanza60',1,60,'high',6),(61,'stanza61',0,61,'low',7),(62,'stanza62',1,62,'low',7),(63,'stanza63',0,63,'low',7),(64,'stanza64',1,64,'high',7),(65,'stanza65',0,65,'low',7),(66,'stanza66',1,66,'low',7),(67,'stanza67',0,67,'low',7),(68,'stanza68',1,68,'high',7),(69,'stanza69',0,69,'low',7),(70,'stanza70',1,70,'low',7),(71,'stanza71',0,71,'low',8),(72,'stanza72',1,72,'high',8),(73,'stanza73',0,73,'low',8),(74,'stanza74',1,74,'low',8),(75,'stanza75',0,75,'low',8),(76,'stanza76',1,76,'high',8),(77,'stanza77',0,77,'low',8),(78,'stanza78',1,78,'low',8),(79,'stanza79',0,79,'low',8),(80,'stanza80',1,80,'high',8),(81,'stanza81',0,81,'low',9),(82,'stanza82',1,82,'low',9),(83,'stanza83',0,83,'low',9),(84,'stanza84',1,84,'high',9),(85,'stanza85',0,85,'low',9),(86,'stanza86',1,86,'low',9),(87,'stanza87',0,87,'low',9),(88,'stanza88',1,88,'high',9),(89,'stanza89',0,89,'low',9),(90,'stanza90',1,90,'low',9),(91,'stanza91',0,91,'low',10),(92,'stanza92',1,92,'high',10),(93,'stanza93',0,93,'low',10),(94,'stanza94',1,94,'low',10),(95,'stanza95',0,95,'low',10),(96,'stanza96',1,96,'high',10),(97,'stanza97',0,97,'low',10),(98,'stanza98',1,98,'low',10),(99,'stanza99',0,99,'low',10),(100,'stanza100',1,100,'high',10),(101,'stanza101',0,101,'low',11),(102,'stanza102',1,102,'low',11),(103,'stanza103',0,103,'low',11),(104,'stanza104',1,104,'high',11),(105,'stanza105',0,105,'low',11),(106,'stanza106',1,106,'low',11),(107,'stanza107',0,107,'low',11),(108,'stanza108',1,108,'high',11),(109,'stanza109',0,109,'low',11),(110,'stanza110',1,110,'low',11),(111,'stanza111',0,111,'low',12),(112,'stanza112',1,112,'high',12),(113,'stanza113',0,113,'low',12),(114,'stanza114',1,114,'low',12),(115,'stanza115',0,115,'low',12),(116,'stanza116',1,116,'high',12),(117,'stanza117',0,117,'low',12),(118,'stanza118',1,118,'low',12),(119,'stanza119',0,119,'low',12),(120,'stanza120',1,120,'high',12),(121,'stanza121',0,121,'low',13),(122,'stanza122',1,122,'low',13),(123,'stanza123',0,123,'low',13),(124,'stanza124',1,124,'high',13),(125,'stanza125',0,125,'low',13),(126,'stanza126',1,126,'low',13),(127,'stanza127',0,127,'low',13),(128,'stanza128',1,128,'high',13),(129,'stanza129',0,129,'low',13),(130,'stanza130',1,130,'low',13),(131,'stanza131',0,131,'low',14),(132,'stanza132',1,132,'high',14),(133,'stanza133',0,133,'low',14),(134,'stanza134',1,134,'low',14),(135,'stanza135',0,135,'low',14),(136,'stanza136',1,136,'high',14),(137,'stanza137',0,137,'low',14),(138,'stanza138',1,138,'low',14),(139,'stanza139',0,139,'low',14),(140,'stanza140',1,140,'high',14),(141,'stanza141',0,141,'low',15),(142,'stanza142',1,142,'low',15),(143,'stanza143',0,143,'low',15),(144,'stanza144',1,144,'high',15),(145,'stanza145',0,145,'low',15),(146,'stanza146',1,146,'low',15),(147,'stanza147',0,147,'low',15),(148,'stanza148',1,148,'high',15),(149,'stanza149',0,149,'low',15),(150,'stanza150',1,150,'low',15),(151,'stanza151',0,151,'low',16),(152,'stanza152',1,152,'high',16),(153,'stanza153',0,153,'low',16),(154,'stanza154',1,154,'low',16),(155,'stanza155',0,155,'low',16),(156,'stanza156',1,156,'high',16),(157,'stanza157',0,157,'low',16),(158,'stanza158',1,158,'low',16),(159,'stanza159',0,159,'low',16),(160,'stanza160',1,160,'high',16),(161,'stanza161',0,161,'low',17),(162,'stanza162',1,162,'low',17),(163,'stanza163',0,163,'low',17),(164,'stanza164',1,164,'high',17),(165,'stanza165',0,165,'low',17),(166,'stanza166',1,166,'low',17),(167,'stanza167',0,167,'low',17),(168,'stanza168',1,168,'high',17),(169,'stanza169',0,169,'low',17),(170,'stanza170',1,170,'low',17),(171,'stanza171',0,171,'low',18),(172,'stanza172',1,172,'high',18),(173,'stanza173',0,173,'low',18),(174,'stanza174',1,174,'low',18),(175,'stanza175',0,175,'low',18),(176,'stanza176',1,176,'high',18),(177,'stanza177',0,177,'low',18),(178,'stanza178',1,178,'low',18),(179,'stanza179',0,179,'low',18),(180,'stanza180',1,180,'high',18),(181,'stanza181',0,181,'low',19),(182,'stanza182',1,182,'low',19),(183,'stanza183',0,183,'low',19),(184,'stanza184',1,184,'high',19),(185,'stanza185',0,185,'low',19),(186,'stanza186',1,186,'low',19),(187,'stanza187',0,187,'low',19),(188,'stanza188',1,188,'high',19),(189,'stanza189',0,189,'low',19),(190,'stanza190',1,190,'low',19),(191,'stanza191',0,191,'low',20),(192,'stanza192',1,192,'high',20),(193,'stanza193',0,193,'low',20),(194,'stanza194',1,194,'low',20),(195,'stanza195',0,195,'low',20),(196,'stanza196',1,196,'high',20),(197,'stanza197',0,197,'low',20),(198,'stanza198',1,198,'low',20),(199,'stanza199',0,199,'low',20),(200,'stanza200',1,200,'high',20);
/*!40000 ALTER TABLE `Stanza` ENABLE KEYS */;
UNLOCK TABLES;

--
-- Table structure for table `Utente`
--

DROP TABLE IF EXISTS `Utente`;
/*!40101 SET @saved_cs_client     = @@character_set_client */;
/*!40101 SET character_set_client = utf8 */;
CREATE TABLE `Utente` (
  `ID` int(10) unsigned NOT NULL AUTO_INCREMENT,
  `nome` varchar(200) NOT NULL,
  `cognome` varchar(200) NOT NULL,
  `numero_telefono` varchar(15) NOT NULL,
  `tipo` enum('Edificio','Zona','Citta','Amministratore') NOT NULL,
  `username` varchar(50) NOT NULL,
  `pass_word` varchar(50) NOT NULL,
  PRIMARY KEY (`ID`),
  UNIQUE KEY `username` (`username`)
) ENGINE=InnoDB AUTO_INCREMENT=28 DEFAULT CHARSET=utf8mb4 COLLATE=utf8mb4_0900_ai_ci ROW_FORMAT=COMPACT;
/*!40101 SET character_set_client = @saved_cs_client */;

--
-- Dumping data for table `Utente`
--

LOCK TABLES `Utente` WRITE;
/*!40000 ALTER TABLE `Utente` DISABLE KEYS */;
INSERT INTO `Utente` (`ID`, `nome`, `cognome`, `numero_telefono`, `tipo`, `username`, `pass_word`) VALUES (1,'Mario','Rossi','1','Edificio','utente1','utente'),(2,'Mario','Rossi','2','Edificio','utente2','utente'),(3,'Mario','Rossi','3','Edificio','utente3','utente'),(4,'Mario','Rossi','4','Edificio','utente4','utente'),(5,'Mario','Rossi','5','Edificio','utente5','utente'),(6,'Mario','Rossi','6','Edificio','utente6','utente'),(7,'Mario','Rossi','7','Edificio','utente7','utente'),(8,'Mario','Rossi','8','Edificio','utente8','utente'),(9,'Mario','Rossi','9','Edificio','utente9','utente'),(10,'Mario','Rossi','10','Edificio','utente10','utente'),(11,'Mario','Rossi','11','Edificio','utente11','utente'),(12,'Mario','Rossi','12','Edificio','utente12','utente'),(13,'Mario','Rossi','13','Edificio','utente13','utente'),(14,'Mario','Rossi','14','Edificio','utente14','utente'),(15,'Mario','Rossi','15','Edificio','utente15','utente'),(16,'Mario','Rossi','16','Edificio','utente16','utente'),(17,'Mario','Rossi','17','Edificio','utente17','utente'),(18,'Mario','Rossi','18','Edificio','utente18','utente'),(19,'Mario','Rossi','19','Edificio','utente19','utente'),(20,'Mario','Rossi','20','Edificio','utente20','utente'),(21,'Mario','Rossi','21','Zona','utente21','utente'),(22,'Mario','Rossi','22','Zona','utente22','utente'),(23,'Mario','Rossi','23','Zona','utente23','utente'),(24,'Mario','Rossi','24','Zona','utente24','utente'),(25,'Lillo','Brillo','324567894','Citta','utentecitta','utente'),(26,'Enrico','Monte','3333333333','Amministratore','admin','admin');
/*!40000 ALTER TABLE `Utente` ENABLE KEYS */;
UNLOCK TABLES;

--
-- Table structure for table `Valore`
--

DROP TABLE IF EXISTS `Valore`;
/*!40101 SET @saved_cs_client     = @@character_set_client */;
/*!40101 SET character_set_client = utf8 */;
CREATE TABLE `Valore` (
  `ID_Sensore` int(10) unsigned NOT NULL,
  `valore_percepito` double(10,2) NOT NULL,
  `time_stamp` timestamp NOT NULL DEFAULT CURRENT_TIMESTAMP,
  PRIMARY KEY (`ID_Sensore`),
  CONSTRAINT `valore_sensore` FOREIGN KEY (`ID_Sensore`) REFERENCES `Sensore` (`id`)
) ENGINE=InnoDB DEFAULT CHARSET=utf8mb4 COLLATE=utf8mb4_0900_ai_ci ROW_FORMAT=COMPACT;
/*!40101 SET character_set_client = @saved_cs_client */;

--
-- Dumping data for table `Valore`
--

LOCK TABLES `Valore` WRITE;
/*!40000 ALTER TABLE `Valore` DISABLE KEYS */;
INSERT INTO `Valore` (`ID_Sensore`, `valore_percepito`, `time_stamp`) VALUES (1,0.52,'2019-01-19 15:16:25'),(2,2242.75,'2019-01-19 15:19:27'),(3,256.20,'2019-01-19 15:16:19'),(4,7.51,'2019-01-19 15:18:13'),(5,22.91,'2019-01-19 15:19:22'),(6,2490.81,'2019-01-19 15:16:19'),(7,606.74,'2019-01-19 15:16:19'),(8,8.64,'2019-01-19 15:16:18'),(9,36.55,'2019-01-19 15:17:32'),(10,1108.79,'2019-01-19 15:19:38'),(11,304.08,'2019-01-19 15:16:17'),(12,99.78,'2019-01-19 15:16:12'),(13,4.42,'2019-01-19 15:17:38'),(14,2013.38,'2019-01-19 15:19:47'),(15,588.93,'2019-01-19 15:15:13'),(16,75.09,'2019-01-19 15:16:10'),(17,27.62,'2019-01-19 15:16:10'),(18,2703.85,'2019-01-19 15:20:26'),(19,286.74,'2019-01-19 15:15:14'),(20,85.18,'2019-01-19 15:20:25'),(21,13.83,'2019-01-19 15:18:28'),(22,2337.18,'2019-01-19 15:19:50'),(23,665.83,'2019-01-19 15:16:08'),(24,63.72,'2019-01-19 15:15:14'),(25,15.07,'2019-01-19 15:18:31'),(26,1927.13,'2019-01-19 15:19:52'),(27,98.74,'2019-01-19 15:15:19'),(28,12.78,'2019-01-19 15:20:01'),(29,16.17,'2019-01-19 15:18:23'),(30,1924.12,'2019-01-19 15:20:03'),(31,378.52,'2019-01-19 15:15:53'),(32,86.01,'2019-01-19 15:15:53'),(33,26.04,'2019-01-19 15:17:58'),(34,2602.36,'2019-01-19 15:15:28'),(35,104.49,'2019-01-19 15:15:28'),(36,68.57,'2019-01-19 15:18:09'),(37,2.70,'2019-01-19 15:18:01'),(38,1442.24,'2019-01-19 15:15:29'),(39,27.78,'2019-01-19 15:15:51'),(40,61.99,'2019-01-19 15:17:29'),(41,31.23,'2019-01-19 15:15:49'),(42,2896.96,'2019-01-19 15:18:46'),(43,889.96,'2019-01-19 15:15:30'),(44,63.67,'2019-01-19 15:17:32'),(45,22.14,'2019-01-19 15:19:56'),(46,1787.36,'2019-01-19 15:20:19'),(47,17.28,'2019-01-19 15:15:33'),(48,88.11,'2019-01-19 15:17:35'),(49,21.98,'2019-01-19 15:15:45'),(50,1710.46,'2019-01-19 15:20:21'),(51,243.36,'2019-01-19 15:15:45'),(52,69.71,'2019-01-19 15:20:27'),(53,32.50,'2019-01-19 15:18:50'),(54,2814.20,'2019-01-19 15:15:44'),(55,214.14,'2019-01-19 15:15:34'),(56,43.49,'2019-01-19 15:20:26'),(57,30.03,'2019-01-19 15:19:53'),(58,1878.03,'2019-01-19 15:15:18'),(59,823.34,'2019-01-19 15:15:35'),(60,65.14,'2019-01-19 15:18:16'),(61,16.37,'2019-01-19 15:19:10'),(62,1836.76,'2019-01-19 15:19:19'),(63,258.24,'2019-01-19 15:18:17'),(64,9.62,'2019-01-19 15:18:18'),(65,17.16,'2019-01-19 15:20:31'),(66,2155.90,'2019-01-19 15:18:18'),(67,18.79,'2019-01-19 15:15:00'),(68,34.44,'2019-01-19 15:15:03'),(69,14.71,'2019-01-19 15:16:27'),(70,1494.08,'2019-01-19 15:19:26'),(71,393.78,'2019-01-19 15:16:26'),(72,63.59,'2019-01-19 15:20:09'),(73,18.71,'2019-01-19 15:16:25'),(74,1587.32,'2019-01-19 15:18:00'),(75,866.78,'2019-01-19 15:15:04'),(76,93.22,'2019-01-19 15:20:10'),(77,20.65,'2019-01-19 15:16:25'),(78,1773.80,'2019-01-19 15:19:29'),(79,425.79,'2019-01-19 15:15:04'),(80,4.51,'2019-01-19 15:20:11'),(81,13.96,'2019-01-19 15:18:33'),(82,2233.11,'2019-01-19 15:19:30'),(83,711.88,'2019-01-19 15:15:05'),(84,91.69,'2019-01-19 15:20:12'),(85,12.39,'2019-01-19 15:19:27'),(86,1962.29,'2019-01-19 15:19:30'),(87,595.58,'2019-01-19 15:15:05'),(88,68.64,'2019-01-19 15:20:13'),(89,33.72,'2019-01-19 15:15:05'),(90,1770.38,'2019-01-19 15:18:22'),(91,233.77,'2019-01-19 15:16:22'),(92,25.29,'2019-01-19 15:20:13'),(93,15.70,'2019-01-19 15:18:23'),(94,2656.90,'2019-01-19 15:17:42'),(95,676.29,'2019-01-19 15:15:06'),(96,18.88,'2019-01-19 15:20:14'),(97,0.21,'2019-01-19 15:17:27'),(98,1600.77,'2019-01-19 15:19:33'),(99,360.72,'2019-01-19 15:16:21'),(100,47.38,'2019-01-19 15:18:14'),(101,28.35,'2019-01-19 15:19:20'),(102,2275.90,'2019-01-19 15:16:20'),(103,417.99,'2019-01-19 15:16:19'),(104,1.63,'2019-01-19 15:16:20'),(105,34.12,'2019-01-19 15:18:31'),(106,1835.39,'2019-01-19 15:19:38'),(107,904.43,'2019-01-19 15:15:09'),(108,40.39,'2019-01-19 15:20:18'),(109,9.95,'2019-01-19 15:19:17'),(110,954.68,'2019-01-19 15:16:16'),(111,81.66,'2019-01-19 15:15:10'),(112,45.14,'2019-01-19 15:15:11'),(113,22.30,'2019-01-19 15:17:59'),(114,1133.49,'2019-01-19 15:16:14'),(115,446.11,'2019-01-19 15:15:11'),(116,29.71,'2019-01-19 15:16:13'),(117,2.99,'2019-01-19 15:18:30'),(118,1682.72,'2019-01-19 15:19:44'),(119,638.71,'2019-01-19 15:15:12'),(120,31.73,'2019-01-19 15:19:28'),(121,6.61,'2019-01-19 15:19:14'),(122,2856.79,'2019-01-19 15:19:39'),(123,222.73,'2019-01-19 15:19:44'),(124,53.76,'2019-01-19 15:16:45'),(125,27.24,'2019-01-19 15:19:48'),(126,2882.09,'2019-01-19 15:19:56'),(127,925.33,'2019-01-19 15:19:11'),(128,68.30,'2019-01-19 15:19:52'),(129,18.02,'2019-01-19 15:19:58'),(130,2573.88,'2019-01-19 15:13:28'),(131,826.74,'2019-01-19 15:13:31'),(132,29.55,'2019-01-19 15:18:22'),(133,27.43,'2019-01-19 15:20:11'),(134,1663.38,'2019-01-19 15:13:35'),(135,162.84,'2019-01-19 15:13:35'),(136,68.77,'2019-01-19 15:18:26'),(137,1.37,'2019-01-19 15:17:07'),(138,2693.29,'2019-01-19 15:18:54'),(139,767.35,'2019-01-19 15:19:11'),(140,84.42,'2019-01-19 15:20:20'),(141,28.24,'2019-01-19 15:16:49'),(142,1287.48,'2019-01-19 15:18:58'),(143,96.53,'2019-01-19 15:19:08'),(144,67.16,'2019-01-19 15:17:21'),(145,39.38,'2019-01-19 15:19:34'),(146,1044.37,'2019-01-19 15:17:12'),(147,79.26,'2019-01-19 15:19:01'),(148,18.58,'2019-01-19 15:15:59'),(149,17.24,'2019-01-19 15:18:13'),(150,1984.55,'2019-01-19 15:18:43'),(151,709.10,'2019-01-19 15:17:31'),(152,2.89,'2019-01-19 15:19:00'),(153,31.68,'2019-01-19 15:17:30'),(154,2345.16,'2019-01-19 15:19:06'),(155,846.30,'2019-01-19 15:18:54'),(156,43.68,'2019-01-19 15:15:56'),(157,10.02,'2019-01-19 15:16:32'),(158,1752.03,'2019-01-19 15:18:38'),(159,175.50,'2019-01-19 15:17:17'),(160,67.14,'2019-01-19 15:19:11'),(161,28.09,'2019-01-19 15:16:30'),(162,1762.09,'2019-01-19 15:17:17'),(163,699.19,'2019-01-19 15:14:00'),(164,69.83,'2019-01-19 15:17:31'),(165,31.02,'2019-01-19 15:16:20'),(166,2693.53,'2019-01-19 15:18:30'),(167,855.35,'2019-01-19 15:17:10'),(168,23.17,'2019-01-19 15:19:12'),(169,15.14,'2019-01-19 15:17:05'),(170,1778.58,'2019-01-19 15:18:16'),(171,562.83,'2019-01-19 15:14:33'),(172,64.63,'2019-01-19 15:18:33'),(173,11.54,'2019-01-19 15:18:06'),(174,2101.32,'2019-01-19 15:16:54'),(175,506.87,'2019-01-19 15:14:34'),(176,9.80,'2019-01-19 15:19:31'),(177,38.06,'2019-01-19 15:16:50'),(178,2535.32,'2019-01-19 15:18:11'),(179,339.57,'2019-01-19 15:16:50'),(180,43.19,'2019-01-19 15:18:29'),(181,17.11,'2019-01-19 15:19:03'),(182,2434.03,'2019-01-19 15:17:55'),(183,590.27,'2019-01-19 15:14:53'),(184,23.71,'2019-01-19 15:18:21'),(185,3.80,'2019-01-19 15:18:42'),(186,2528.63,'2019-01-19 15:19:15'),(187,748.39,'2019-01-19 15:14:58'),(188,19.82,'2019-01-19 15:19:57'),(189,17.07,'2019-01-19 15:16:33'),(190,1278.36,'2019-01-19 15:18:16'),(191,351.90,'2019-01-19 15:16:33'),(192,49.07,'2019-01-19 15:18:17'),(193,18.48,'2019-01-19 15:16:30'),(194,1620.15,'2019-01-19 15:17:47'),(195,393.17,'2019-01-19 15:15:00'),(196,3.69,'2019-01-19 15:20:01'),(197,3.44,'2019-01-19 15:18:35'),(198,1344.29,'2019-01-19 15:16:31'),(199,552.26,'2019-01-19 15:15:01'),(200,0.20,'2019-01-19 15:20:04'),(201,22.69,'2019-01-19 15:15:01'),(202,2567.10,'2019-01-19 15:19:23'),(203,83.70,'2019-01-19 15:15:31'),(204,0.73,'2019-01-19 15:18:18'),(205,18.62,'2019-01-19 15:15:02'),(206,2496.16,'2019-01-19 15:17:46'),(207,262.66,'2019-01-19 15:16:28'),(208,75.22,'2019-01-19 15:20:07'),(209,12.20,'2019-01-19 15:16:28'),(210,2093.75,'2019-01-19 15:19:24'),(211,260.66,'2019-01-19 15:15:02'),(212,3.23,'2019-01-19 15:20:08'),(213,28.21,'2019-01-19 15:18:34'),(214,1719.59,'2019-01-19 15:19:25'),(215,127.20,'2019-01-19 15:15:03'),(216,17.56,'2019-01-19 15:16:27'),(217,21.53,'2019-01-19 15:19:23'),(218,1735.41,'2019-01-19 15:19:39'),(219,557.88,'2019-01-19 15:15:09'),(220,70.50,'2019-01-19 15:20:19'),(221,25.14,'2019-01-19 15:18:27'),(222,2365.61,'2019-01-19 15:19:40'),(223,533.98,'2019-01-19 15:15:09'),(224,19.54,'2019-01-19 15:20:20'),(225,11.27,'2019-01-19 15:17:36'),(226,1533.36,'2019-01-19 15:19:41'),(227,600.75,'2019-01-19 15:15:10'),(228,81.57,'2019-01-19 15:18:27'),(229,9.16,'2019-01-19 15:16:15'),(230,1762.45,'2019-01-19 15:15:10'),(231,373.33,'2019-01-19 15:15:10'),(232,66.49,'2019-01-19 15:20:21'),(233,30.58,'2019-01-19 15:17:45'),(234,2168.42,'2019-01-19 15:20:32'),(235,862.19,'2019-01-19 15:15:19'),(236,8.90,'2019-01-19 15:16:02'),(237,19.04,'2019-01-19 15:19:04'),(238,1048.67,'2019-01-19 15:17:30'),(239,68.90,'2019-01-19 15:19:49'),(240,0.30,'2019-01-19 15:19:35'),(241,19.00,'2019-01-19 15:19:45'),(242,1091.82,'2019-01-19 15:19:40'),(243,508.23,'2019-01-19 15:19:25'),(244,32.60,'2019-01-19 15:19:37'),(245,4.47,'2019-01-19 15:17:38'),(246,2293.15,'2019-01-19 15:16:13'),(247,649.38,'2019-01-19 15:19:47'),(248,64.92,'2019-01-19 15:18:04'),(249,33.96,'2019-01-19 15:19:46'),(250,1977.99,'2019-01-19 15:18:28'),(251,751.87,'2019-01-19 15:19:43'),(252,35.08,'2019-01-19 15:19:39'),(253,35.04,'2019-01-19 15:19:47'),(254,1498.56,'2019-01-19 15:19:51'),(255,997.09,'2019-01-19 15:19:40'),(256,21.54,'2019-01-19 15:18:07'),(257,27.11,'2019-01-19 15:19:10'),(258,2667.27,'2019-01-19 15:20:01'),(259,75.36,'2019-01-19 15:19:35'),(260,29.15,'2019-01-19 15:18:55'),(261,0.23,'2019-01-19 15:19:54'),(262,921.95,'2019-01-19 15:20:05'),(263,705.17,'2019-01-19 15:13:22'),(264,65.17,'2019-01-19 15:18:57'),(265,23.13,'2019-01-19 15:19:55'),(266,1862.77,'2019-01-19 15:20:06'),(267,218.37,'2019-01-19 15:13:23'),(268,10.23,'2019-01-19 15:18:31'),(269,38.52,'2019-01-19 15:19:58'),(270,2037.87,'2019-01-19 15:18:40'),(271,414.63,'2019-01-19 15:19:28'),(272,36.47,'2019-01-19 15:18:58'),(273,32.05,'2019-01-19 15:19:35'),(274,2375.84,'2019-01-19 15:20:14'),(275,605.20,'2019-01-19 15:19:24'),(276,85.14,'2019-01-19 15:19:59'),(277,39.31,'2019-01-19 15:19:00'),(278,2131.30,'2019-01-19 15:20:16'),(279,496.60,'2019-01-19 15:13:31'),(280,67.10,'2019-01-19 15:20:04'),(281,33.90,'2019-01-19 15:19:32'),(282,2239.16,'2019-01-19 15:13:35'),(283,278.92,'2019-01-19 15:13:36'),(284,16.64,'2019-01-19 15:20:14'),(285,7.15,'2019-01-19 15:19:52'),(286,1115.81,'2019-01-19 15:18:53'),(287,433.71,'2019-01-19 15:19:14'),(288,50.05,'2019-01-19 15:20:17'),(289,1.05,'2019-01-19 15:16:49'),(290,1850.88,'2019-01-19 15:17:27'),(291,721.92,'2019-01-19 15:19:07'),(292,85.18,'2019-01-19 15:18:29'),(293,8.91,'2019-01-19 15:20:18'),(294,2366.49,'2019-01-19 15:18:51'),(295,573.09,'2019-01-19 15:19:07'),(296,94.75,'2019-01-19 15:20:24'),(297,8.21,'2019-01-19 15:17:22'),(298,2833.41,'2019-01-19 15:19:07'),(299,501.20,'2019-01-19 15:12:49'),(300,85.75,'2019-01-19 15:19:14'),(301,25.52,'2019-01-19 15:19:35'),(302,2223.91,'2019-01-19 15:19:10'),(303,392.84,'2019-01-19 15:20:14'),(304,49.49,'2019-01-19 15:17:06'),(305,17.03,'2019-01-19 15:19:22'),(306,1054.13,'2019-01-19 15:19:12'),(307,220.25,'2019-01-19 15:19:44'),(308,33.47,'2019-01-19 15:20:22'),(309,35.15,'2019-01-19 15:19:21'),(310,2202.71,'2019-01-19 15:19:14'),(311,367.57,'2019-01-19 15:20:12'),(312,80.21,'2019-01-19 15:19:17'),(313,19.35,'2019-01-19 15:19:21'),(314,2292.53,'2019-01-19 15:19:15'),(315,242.20,'2019-01-19 15:20:10'),(316,34.65,'2019-01-19 15:17:44'),(317,14.09,'2019-01-19 15:17:31'),(318,2280.16,'2019-01-19 15:18:14'),(319,579.09,'2019-01-19 15:20:10'),(320,48.03,'2019-01-19 15:19:20'),(321,6.47,'2019-01-19 15:19:19'),(322,2096.78,'2019-01-19 15:16:35'),(323,556.57,'2019-01-19 15:20:08'),(324,39.05,'2019-01-19 15:19:23'),(325,8.01,'2019-01-19 15:19:39'),(326,1591.44,'2019-01-19 15:16:33'),(327,75.11,'2019-01-19 15:20:07'),(328,30.07,'2019-01-19 15:19:24'),(329,21.76,'2019-01-19 15:19:38'),(330,2560.92,'2019-01-19 15:19:20'),(331,581.13,'2019-01-19 15:20:05'),(332,67.46,'2019-01-19 15:12:59'),(333,2.37,'2019-01-19 15:17:33'),(334,1514.40,'2019-01-19 15:19:22'),(335,865.82,'2019-01-19 15:20:02'),(336,77.38,'2019-01-19 15:19:26'),(337,21.50,'2019-01-19 15:17:16'),(338,1807.52,'2019-01-19 15:19:25'),(339,880.77,'2019-01-19 15:19:58'),(340,52.15,'2019-01-19 15:17:54'),(341,17.32,'2019-01-19 15:19:16'),(342,2671.45,'2019-01-19 15:19:30'),(343,998.60,'2019-01-19 15:19:55'),(344,88.63,'2019-01-19 15:19:29'),(345,15.29,'2019-01-19 15:19:42'),(346,1637.21,'2019-01-19 15:16:23'),(347,26.05,'2019-01-19 15:19:54'),(348,9.88,'2019-01-19 15:17:57'),(349,7.19,'2019-01-19 15:19:43'),(350,1043.75,'2019-01-19 15:19:33'),(351,948.06,'2019-01-19 15:19:54'),(352,56.51,'2019-01-19 15:19:32'),(353,0.54,'2019-01-19 15:19:43'),(354,1761.26,'2019-01-19 15:18:25'),(355,436.07,'2019-01-19 15:13:07'),(356,60.84,'2019-01-19 15:19:32'),(357,11.92,'2019-01-19 15:19:44'),(358,1872.11,'2019-01-19 15:17:06'),(359,192.91,'2019-01-19 15:14:21'),(360,93.64,'2019-01-19 15:17:05'),(361,2.48,'2019-01-19 15:19:55'),(362,2061.05,'2019-01-19 15:18:22'),(363,274.65,'2019-01-19 15:14:22'),(364,26.01,'2019-01-19 15:18:44'),(365,29.53,'2019-01-19 15:20:16'),(366,2392.87,'2019-01-19 15:17:05'),(367,242.79,'2019-01-19 15:17:04'),(368,48.08,'2019-01-19 15:19:06'),(369,20.18,'2019-01-19 15:19:56'),(370,2520.41,'2019-01-19 15:17:43'),(371,487.00,'2019-01-19 15:17:04'),(372,83.31,'2019-01-19 15:18:43'),(373,25.64,'2019-01-19 15:17:59'),(374,2425.06,'2019-01-19 15:18:19'),(375,479.18,'2019-01-19 15:16:57'),(376,91.15,'2019-01-19 15:18:38'),(377,8.81,'2019-01-19 15:18:45'),(378,2325.81,'2019-01-19 15:18:19'),(379,643.04,'2019-01-19 15:14:30'),(380,11.69,'2019-01-19 15:18:37'),(381,10.82,'2019-01-19 15:16:57'),(382,1192.55,'2019-01-19 15:19:37'),(383,503.05,'2019-01-19 15:14:31'),(384,20.70,'2019-01-19 15:18:35'),(385,29.73,'2019-01-19 15:18:46'),(386,2029.75,'2019-01-19 15:16:56'),(387,837.40,'2019-01-19 15:16:56'),(388,76.61,'2019-01-19 15:18:34'),(389,38.60,'2019-01-19 15:20:09'),(390,1123.67,'2019-01-19 15:16:55'),(391,417.06,'2019-01-19 15:14:32'),(392,28.58,'2019-01-19 15:16:55'),(393,3.95,'2019-01-19 15:18:04'),(394,2438.73,'2019-01-19 15:18:17'),(395,787.80,'2019-01-19 15:14:33'),(396,55.27,'2019-01-19 15:18:50'),(397,4.79,'2019-01-19 15:18:07'),(398,2707.62,'2019-01-19 15:18:56'),(399,731.03,'2019-01-19 15:17:57'),(400,63.07,'2019-01-19 15:17:58'),(401,18.91,'2019-01-19 15:20:13'),(402,1349.74,'2019-01-19 15:14:36'),(403,124.93,'2019-01-19 15:18:00'),(404,10.20,'2019-01-19 15:18:32'),(405,31.18,'2019-01-19 15:18:52'),(406,2316.19,'2019-01-19 15:18:00'),(407,875.04,'2019-01-19 15:14:38'),(408,44.95,'2019-01-19 15:18:30'),(409,12.08,'2019-01-19 15:18:02'),(410,1166.47,'2019-01-19 15:19:46'),(411,270.42,'2019-01-19 15:14:57'),(412,90.04,'2019-01-19 15:18:03'),(413,31.09,'2019-01-19 15:16:49'),(414,1386.86,'2019-01-19 15:16:47'),(415,679.08,'2019-01-19 15:18:04'),(416,72.69,'2019-01-19 15:18:04'),(417,12.75,'2019-01-19 15:20:18'),(418,1232.41,'2019-01-19 15:18:50'),(419,897.78,'2019-01-19 15:17:21'),(420,41.32,'2019-01-19 15:20:29'),(421,31.30,'2019-01-19 15:18:08'),(422,949.21,'2019-01-19 15:18:47'),(423,186.33,'2019-01-19 15:13:48'),(424,91.19,'2019-01-19 15:15:59'),(425,30.40,'2019-01-19 15:16:37'),(426,1877.55,'2019-01-19 15:18:40'),(427,973.76,'2019-01-19 15:13:55'),(428,19.80,'2019-01-19 15:19:01'),(429,32.10,'2019-01-19 15:19:18'),(430,1046.25,'2019-01-19 15:18:39'),(431,664.76,'2019-01-19 15:17:17'),(432,2.90,'2019-01-19 15:17:28'),(433,6.71,'2019-01-19 15:19:18'),(434,2743.75,'2019-01-19 15:17:16'),(435,528.00,'2019-01-19 15:14:00'),(436,76.54,'2019-01-19 15:19:03'),(437,34.27,'2019-01-19 15:20:33'),(438,1566.95,'2019-01-19 15:18:35'),(439,742.51,'2019-01-19 15:14:01'),(440,77.13,'2019-01-19 15:17:16'),(441,27.12,'2019-01-19 15:19:16'),(442,2223.03,'2019-01-19 15:17:16'),(443,467.27,'2019-01-19 15:14:03'),(444,22.09,'2019-01-19 15:17:34'),(445,32.40,'2019-01-19 15:16:28'),(446,1083.87,'2019-01-19 15:18:34'),(447,344.82,'2019-01-19 15:14:02'),(448,21.40,'2019-01-19 15:19:04'),(449,13.62,'2019-01-19 15:17:15'),(450,909.09,'2019-01-19 15:18:33'),(451,295.21,'2019-01-19 15:17:14'),(452,0.18,'2019-01-19 15:19:06'),(453,4.38,'2019-01-19 15:19:24'),(454,1811.69,'2019-01-19 15:18:32'),(455,866.49,'2019-01-19 15:17:13'),(456,3.97,'2019-01-19 15:18:52'),(457,23.29,'2019-01-19 15:19:21'),(458,2406.53,'2019-01-19 15:18:32'),(459,565.81,'2019-01-19 15:14:08'),(460,3.55,'2019-01-19 15:18:54'),(461,6.48,'2019-01-19 15:18:26'),(462,1754.45,'2019-01-19 15:18:31'),(463,602.46,'2019-01-19 15:14:10'),(464,56.48,'2019-01-19 15:18:33'),(465,3.31,'2019-01-19 15:20:11'),(466,1437.08,'2019-01-19 15:18:27'),(467,639.06,'2019-01-19 15:17:10'),(468,28.56,'2019-01-19 15:17:10'),(469,37.86,'2019-01-19 15:19:07'),(470,2553.90,'2019-01-19 15:17:10'),(471,785.59,'2019-01-19 15:16:53'),(472,21.53,'2019-01-19 15:18:48'),(473,30.14,'2019-01-19 15:19:07'),(474,2828.52,'2019-01-19 15:18:38'),(475,602.26,'2019-01-19 15:14:19'),(476,48.94,'2019-01-19 15:18:46'),(477,6.58,'2019-01-19 15:19:09'),(478,1968.73,'2019-01-19 15:20:07'),(479,628.12,'2019-01-19 15:15:23'),(480,51.80,'2019-01-19 15:17:55'),(481,28.79,'2019-01-19 15:18:59'),(482,1427.35,'2019-01-19 15:20:08'),(483,665.69,'2019-01-19 15:15:24'),(484,49.58,'2019-01-19 15:15:56'),(485,34.45,'2019-01-19 15:18:20'),(486,922.95,'2019-01-19 15:15:25'),(487,944.35,'2019-01-19 15:15:25'),(488,36.73,'2019-01-19 15:17:52'),(489,19.13,'2019-01-19 15:17:51'),(490,1338.27,'2019-01-19 15:20:09'),(491,390.00,'2019-01-19 15:15:26'),(492,15.69,'2019-01-19 15:17:50'),(493,28.77,'2019-01-19 15:18:57'),(494,1301.60,'2019-01-19 15:15:26'),(495,20.98,'2019-01-19 15:15:27'),(496,9.14,'2019-01-19 15:15:54'),(497,36.03,'2019-01-19 15:15:51'),(498,1671.88,'2019-01-19 15:15:50'),(499,219.55,'2019-01-19 15:15:50'),(500,54.55,'2019-01-19 15:17:45'),(501,6.90,'2019-01-19 15:18:05'),(502,1142.25,'2019-01-19 15:20:21'),(503,573.07,'2019-01-19 15:15:34'),(504,30.08,'2019-01-19 15:17:43'),(505,37.22,'2019-01-19 15:18:07'),(506,1145.97,'2019-01-19 15:20:29'),(507,86.49,'2019-01-19 15:15:35'),(508,10.82,'2019-01-19 15:15:43'),(509,20.21,'2019-01-19 15:18:08'),(510,1031.34,'2019-01-19 15:15:36'),(511,542.54,'2019-01-19 15:15:36'),(512,53.40,'2019-01-19 15:20:26'),(513,18.32,'2019-01-19 15:18:09'),(514,1422.97,'2019-01-19 15:15:41'),(515,547.76,'2019-01-19 15:15:41'),(516,38.00,'2019-01-19 15:18:51'),(517,31.81,'2019-01-19 15:18:51'),(518,2008.00,'2019-01-19 15:15:36'),(519,438.59,'2019-01-19 15:15:41'),(520,90.64,'2019-01-19 15:17:41'),(521,16.30,'2019-01-19 15:18:52'),(522,1362.19,'2019-01-19 15:15:40'),(523,796.39,'2019-01-19 15:15:37'),(524,79.59,'2019-01-19 15:20:25'),(525,10.37,'2019-01-19 15:19:47'),(526,1417.83,'2019-01-19 15:15:37'),(527,737.70,'2019-01-19 15:18:53'),(528,6.33,'2019-01-19 15:15:40'),(529,5.71,'2019-01-19 15:18:13'),(530,1664.87,'2019-01-19 15:15:38'),(531,123.75,'2019-01-19 15:15:39'),(532,59.45,'2019-01-19 15:17:40'),(533,28.41,'2019-01-19 15:18:12'),(534,1640.06,'2019-01-19 15:20:24'),(535,407.60,'2019-01-19 15:15:39'),(536,40.75,'2019-01-19 15:17:39'),(537,3.88,'2019-01-19 15:20:23'),(538,2395.64,'2019-01-19 15:17:36'),(539,377.30,'2019-01-19 15:15:15'),(540,16.18,'2019-01-19 15:20:27'),(541,3.61,'2019-01-19 15:19:08'),(542,1238.09,'2019-01-19 15:19:53'),(543,372.70,'2019-01-19 15:16:06'),(544,99.58,'2019-01-19 15:20:28'),(545,20.12,'2019-01-19 15:18:27'),(546,1359.30,'2019-01-19 15:17:34'),(547,624.36,'2019-01-19 15:15:16'),(548,88.96,'2019-01-19 15:15:17'),(549,33.61,'2019-01-19 15:19:06'),(550,914.01,'2019-01-19 15:19:56'),(551,812.66,'2019-01-19 15:15:17'),(552,29.32,'2019-01-19 15:20:30'),(553,8.54,'2019-01-19 15:18:06'),(554,2505.12,'2019-01-19 15:17:32'),(555,525.12,'2019-01-19 15:16:03'),(556,75.34,'2019-01-19 15:16:02'),(557,13.00,'2019-01-19 15:18:23'),(558,1219.37,'2019-01-19 15:20:01'),(559,340.01,'2019-01-19 15:16:00'),(560,19.63,'2019-01-19 15:17:59'),(561,7.56,'2019-01-19 15:19:02'),(562,1563.73,'2019-01-19 15:15:21'),(563,384.33,'2019-01-19 15:16:00'),(564,72.71,'2019-01-19 15:15:59'),(565,35.13,'2019-01-19 15:18:22'),(566,2129.24,'2019-01-19 15:20:06'),(567,594.40,'2019-01-19 15:15:22'),(568,8.36,'2019-01-19 15:17:58'),(569,37.21,'2019-01-19 15:19:01'),(570,2799.94,'2019-01-19 15:15:58'),(571,286.83,'2019-01-19 15:15:23'),(572,99.62,'2019-01-19 15:15:58'),(573,14.08,'2019-01-19 15:20:17'),(574,1534.33,'2019-01-19 15:15:54'),(575,417.11,'2019-01-19 15:15:54'),(576,73.86,'2019-01-19 15:15:54'),(577,35.62,'2019-01-19 15:20:09'),(578,2428.84,'2019-01-19 15:15:53'),(579,394.09,'2019-01-19 15:15:51'),(580,94.58,'2019-01-19 15:17:29'),(581,23.12,'2019-01-19 15:18:02'),(582,1758.61,'2019-01-19 15:15:50'),(583,781.23,'2019-01-19 15:15:30'),(584,49.26,'2019-01-19 15:16:11'),(585,20.00,'2019-01-19 15:18:19'),(586,1747.29,'2019-01-19 15:15:31'),(587,788.18,'2019-01-19 15:15:32'),(588,56.54,'2019-01-19 15:17:33'),(589,36.27,'2019-01-19 15:19:57'),(590,2242.48,'2019-01-19 15:15:32'),(591,520.10,'2019-01-19 15:15:32'),(592,94.73,'2019-01-19 15:20:30'),(593,29.64,'2019-01-19 15:18:17'),(594,1942.93,'2019-01-19 15:20:19'),(595,558.41,'2019-01-19 15:15:33'),(596,84.36,'2019-01-19 15:17:35'),(597,8.89,'2019-01-19 15:19:29'),(598,1094.63,'2019-01-19 15:17:25'),(599,294.78,'2019-01-19 15:17:25'),(600,88.11,'2019-01-19 15:17:24'),(601,36.52,'2019-01-19 15:19:28'),(602,2318.70,'2019-01-19 15:12:48'),(603,43.05,'2019-01-19 15:20:15'),(604,65.48,'2019-01-19 15:17:52'),(605,13.51,'2019-01-19 15:19:42'),(606,1564.20,'2019-01-19 15:18:29'),(607,388.70,'2019-01-19 15:19:45'),(608,32.58,'2019-01-19 15:19:40'),(609,17.99,'2019-01-19 15:19:29'),(610,1509.57,'2019-01-19 15:16:07'),(611,32.23,'2019-01-19 15:19:41'),(612,80.86,'2019-01-19 15:18:08'),(613,17.40,'2019-01-19 15:13:18'),(614,1243.02,'2019-01-19 15:13:18'),(615,945.53,'2019-01-19 15:19:37'),(616,32.99,'2019-01-19 15:17:24'),(617,22.27,'2019-01-19 15:19:51'),(618,2019.25,'2019-01-19 15:19:59'),(619,890.64,'2019-01-19 15:17:23'),(620,39.32,'2019-01-19 15:19:47'),(621,8.19,'2019-01-19 15:18:01'),(622,1043.09,'2019-01-19 15:20:00'),(623,723.03,'2019-01-19 15:17:23'),(624,35.71,'2019-01-19 15:19:50'),(625,10.50,'2019-01-19 15:19:58'),(626,2476.19,'2019-01-19 15:18:41'),(627,120.68,'2019-01-19 15:17:22'),(628,4.37,'2019-01-19 15:16:31'),(629,16.36,'2019-01-19 15:17:49'),(630,1718.18,'2019-01-19 15:20:15'),(631,440.17,'2019-01-19 15:19:22'),(632,84.53,'2019-01-19 15:16:28'),(633,19.85,'2019-01-19 15:20:10'),(634,1193.75,'2019-01-19 15:13:33'),(635,962.06,'2019-01-19 15:13:32'),(636,86.73,'2019-01-19 15:18:19'),(637,37.95,'2019-01-19 15:18:56'),(638,2732.69,'2019-01-19 15:18:49'),(639,141.58,'2019-01-19 15:19:18'),(640,25.31,'2019-01-19 15:16:24'),(641,18.15,'2019-01-19 15:20:10'),(642,2691.91,'2019-01-19 15:15:40'),(643,309.92,'2019-01-19 15:19:09'),(644,71.63,'2019-01-19 15:17:21'),(645,38.73,'2019-01-19 15:20:20'),(646,1063.22,'2019-01-19 15:18:48'),(647,20.56,'2019-01-19 15:13:50'),(648,64.85,'2019-01-19 15:17:18'),(649,37.17,'2019-01-19 15:17:36'),(650,1443.78,'2019-01-19 15:18:31'),(651,167.23,'2019-01-19 15:13:56'),(652,17.74,'2019-01-19 15:19:08'),(653,24.35,'2019-01-19 15:19:13'),(654,2606.89,'2019-01-19 15:17:11'),(655,779.88,'2019-01-19 15:14:12'),(656,76.88,'2019-01-19 15:20:26'),(657,33.54,'2019-01-19 15:19:50'),(658,2255.08,'2019-01-19 15:18:24'),(659,931.93,'2019-01-19 15:17:07'),(660,64.90,'2019-01-19 15:19:33'),(661,34.16,'2019-01-19 15:17:07'),(662,2255.10,'2019-01-19 15:17:07'),(663,955.18,'2019-01-19 15:14:20'),(664,17.20,'2019-01-19 15:18:45'),(665,32.16,'2019-01-19 15:19:03'),(666,2411.62,'2019-01-19 15:18:21'),(667,472.82,'2019-01-19 15:14:24'),(668,22.58,'2019-01-19 15:18:42'),(669,35.04,'2019-01-19 15:19:04'),(670,2379.52,'2019-01-19 15:18:20'),(671,587.58,'2019-01-19 15:16:47'),(672,64.63,'2019-01-19 15:18:41'),(673,35.94,'2019-01-19 15:18:41'),(674,1044.52,'2019-01-19 15:17:01'),(675,726.06,'2019-01-19 15:17:01'),(676,4.91,'2019-01-19 15:18:48'),(677,14.78,'2019-01-19 15:20:12'),(678,2751.39,'2019-01-19 15:18:24'),(679,48.36,'2019-01-19 15:18:01'),(680,13.14,'2019-01-19 15:19:34'),(681,26.92,'2019-01-19 15:16:50'),(682,2700.48,'2019-01-19 15:18:12'),(683,708.18,'2019-01-19 15:14:40'),(684,80.47,'2019-01-19 15:19:37'),(685,23.11,'2019-01-19 15:18:50'),(686,1226.30,'2019-01-19 15:20:05'),(687,975.87,'2019-01-19 15:16:35'),(688,60.58,'2019-01-19 15:18:15'),(689,13.80,'2019-01-19 15:20:30'),(690,1145.54,'2019-01-19 15:19:17'),(691,77.93,'2019-01-19 15:18:15'),(692,78.22,'2019-01-19 15:19:56'),(693,3.80,'2019-01-19 15:18:15'),(694,2461.96,'2019-01-19 15:18:18'),(695,262.55,'2019-01-19 15:16:32'),(696,48.21,'2019-01-19 15:18:18'),(697,13.45,'2019-01-19 15:16:32'),(698,943.27,'2019-01-19 15:17:48'),(699,616.36,'2019-01-19 15:16:44'),(700,3.57,'2019-01-19 15:16:31'),(701,13.45,'2019-01-19 15:16:26'),(702,1344.81,'2019-01-19 15:16:18'),(703,572.83,'2019-01-19 15:15:08'),(704,0.87,'2019-01-19 15:20:16'),(705,16.47,'2019-01-19 15:20:31'),(706,1587.23,'2019-01-19 15:19:37'),(707,139.75,'2019-01-19 15:16:12'),(708,41.58,'2019-01-19 15:20:22'),(709,3.95,'2019-01-19 15:19:13'),(710,2773.46,'2019-01-19 15:16:11'),(711,774.61,'2019-01-19 15:16:11'),(712,36.32,'2019-01-19 15:15:12'),(713,32.48,'2019-01-19 15:16:29'),(714,2538.25,'2019-01-19 15:20:02'),(715,19.32,'2019-01-19 15:16:00'),(716,58.13,'2019-01-19 15:17:48'),(717,25.20,'2019-01-19 15:19:59'),(718,2658.08,'2019-01-19 15:18:08'),(719,64.93,'2019-01-19 15:14:43'),(720,30.35,'2019-01-19 15:18:04'),(721,24.71,'2019-01-19 15:18:05'),(722,1838.18,'2019-01-19 15:19:54'),(723,362.76,'2019-01-19 15:16:44'),(724,40.83,'2019-01-19 15:19:43'),(725,14.63,'2019-01-19 15:18:06'),(726,2675.43,'2019-01-19 15:18:06'),(727,305.24,'2019-01-19 15:16:43'),(728,17.83,'2019-01-19 15:18:07'),(729,25.82,'2019-01-19 15:18:48'),(730,2624.54,'2019-01-19 15:16:43'),(731,601.45,'2019-01-19 15:14:46'),(732,50.82,'2019-01-19 15:18:27'),(733,23.73,'2019-01-19 15:18:47'),(734,1973.30,'2019-01-19 15:18:08'),(735,21.77,'2019-01-19 15:16:43'),(736,36.65,'2019-01-19 15:19:44'),(737,3.61,'2019-01-19 15:19:02'),(738,1920.92,'2019-01-19 15:18:08'),(739,464.31,'2019-01-19 15:16:42'),(740,80.14,'2019-01-19 15:18:26'),(741,24.06,'2019-01-19 15:14:48'),(742,2660.60,'2019-01-19 15:18:03'),(743,865.60,'2019-01-19 15:18:09'),(744,91.40,'2019-01-19 15:18:25'),(745,36.03,'2019-01-19 15:18:46'),(746,2344.14,'2019-01-19 15:18:03'),(747,765.62,'2019-01-19 15:16:41'),(748,34.99,'2019-01-19 15:16:41'),(749,6.07,'2019-01-19 15:18:09'),(750,2581.72,'2019-01-19 15:18:10'),(751,855.94,'2019-01-19 15:14:49'),(752,29.66,'2019-01-19 15:18:24'),(753,0.00,'2019-01-19 15:16:40'),(754,2803.73,'2019-01-19 15:18:02'),(755,602.28,'2019-01-19 15:14:50'),(756,53.17,'2019-01-19 15:18:24'),(757,15.67,'2019-01-19 15:20:24'),(758,2709.78,'2019-01-19 15:19:09'),(759,966.87,'2019-01-19 15:14:50'),(760,88.46,'2019-01-19 15:16:39'),(761,21.49,'2019-01-19 15:16:39'),(762,2262.85,'2019-01-19 15:18:11'),(763,780.16,'2019-01-19 15:16:39'),(764,75.39,'2019-01-19 15:18:23'),(765,6.91,'2019-01-19 15:16:38'),(766,1858.35,'2019-01-19 15:19:13'),(767,966.60,'2019-01-19 15:14:53'),(768,16.09,'2019-01-19 15:18:21'),(769,17.64,'2019-01-19 15:16:37'),(770,1767.54,'2019-01-19 15:17:54'),(771,93.06,'2019-01-19 15:14:54'),(772,6.44,'2019-01-19 15:18:20'),(773,22.19,'2019-01-19 15:18:41'),(774,2608.97,'2019-01-19 15:17:51'),(775,54.92,'2019-01-19 15:14:55'),(776,58.74,'2019-01-19 15:18:49'),(777,14.82,'2019-01-19 15:20:11'),(778,2371.88,'2019-01-19 15:16:53'),(779,344.45,'2019-01-19 15:17:56'),(780,76.26,'2019-01-19 15:17:56'),(781,15.66,'2019-01-19 15:15:42'),(782,2004.86,'2019-01-19 15:17:57'),(783,884.42,'2019-01-19 15:16:51'),(784,70.20,'2019-01-19 15:18:00'),(785,39.48,'2019-01-19 15:18:53'),(786,2239.12,'2019-01-19 15:18:13'),(787,433.10,'2019-01-19 15:14:38'),(788,33.11,'2019-01-19 15:19:34'),(789,32.01,'2019-01-19 15:20:16'),(790,2138.61,'2019-01-19 15:18:10'),(791,470.37,'2019-01-19 15:18:03'),(792,86.50,'2019-01-19 15:16:48'),(793,37.97,'2019-01-19 15:20:17'),(794,2021.28,'2019-01-19 15:19:48'),(795,715.81,'2019-01-19 15:14:41'),(796,85.74,'2019-01-19 15:18:29'),(797,39.77,'2019-01-19 15:18:57'),(798,1308.30,'2019-01-19 15:18:05'),(799,279.04,'2019-01-19 15:14:43'),(800,16.84,'2019-01-19 15:19:40'),(801,36.42,'2019-01-19 15:20:19'),(802,15.73,'2019-01-19 15:18:59'),(803,13.83,'2019-01-19 15:16:45'),(804,10.81,'2019-01-19 15:20:20'),(805,6.26,'2019-01-19 15:18:05'),(806,27.70,'2019-01-19 15:18:59'),(807,29.84,'2019-01-19 15:18:05'),(808,9.13,'2019-01-19 15:18:49'),(809,9.24,'2019-01-19 15:14:59'),(810,18.54,'2019-01-19 15:16:39'),(811,7.11,'2019-01-19 15:15:04'),(812,18.98,'2019-01-19 15:19:04'),(813,23.44,'2019-01-19 15:18:12'),(814,4.99,'2019-01-19 15:16:38'),(815,35.52,'2019-01-19 15:18:44'),(816,29.49,'2019-01-19 15:18:44'),(817,38.10,'2019-01-19 15:20:28'),(818,13.90,'2019-01-19 15:20:28'),(819,28.26,'2019-01-19 15:16:35'),(820,32.64,'2019-01-19 15:18:14'),(821,24.29,'2019-01-19 15:18:39'),(822,14.86,'2019-01-19 15:19:10'),(823,11.28,'2019-01-19 15:20:15'),(824,10.43,'2019-01-19 15:18:14'),(825,19.01,'2019-01-19 15:16:35'),(826,3.57,'2019-01-19 15:20:29'),(827,4.26,'2019-01-19 15:18:15'),(828,20.81,'2019-01-19 15:18:15'),(829,12.63,'2019-01-19 15:18:16'),(830,31.63,'2019-01-19 15:20:31'),(831,32.48,'2019-01-19 15:19:12'),(832,10.04,'2019-01-19 15:20:32'),(833,31.47,'2019-01-19 15:15:03'),(834,6.92,'2019-01-19 15:15:03'),(835,33.52,'2019-01-19 15:16:26'),(836,1.92,'2019-01-19 15:19:36'),(837,2.31,'2019-01-19 15:19:34'),(838,6.67,'2019-01-19 15:19:35'),(839,24.71,'2019-01-19 15:19:23'),(840,20.24,'2019-01-19 15:19:17'),(841,10.53,'2019-01-19 15:17:35'),(842,24.22,'2019-01-19 15:19:41'),(843,22.62,'2019-01-19 15:19:42'),(844,16.22,'2019-01-19 15:19:46'),(845,6.56,'2019-01-19 15:19:36'),(846,35.99,'2019-01-19 15:19:46'),(847,34.41,'2019-01-19 15:19:29'),(848,11.46,'2019-01-19 15:17:09'),(849,30.34,'2019-01-19 15:19:48'),(850,31.14,'2019-01-19 15:19:48'),(851,14.93,'2019-01-19 15:17:41'),(852,38.32,'2019-01-19 15:17:06'),(853,18.33,'2019-01-19 15:19:30'),(854,2.81,'2019-01-19 15:17:26'),(855,0.53,'2019-01-19 15:19:05'),(856,8.54,'2019-01-19 15:17:22'),(857,23.65,'2019-01-19 15:19:05'),(858,36.07,'2019-01-19 15:20:00'),(859,8.01,'2019-01-19 15:20:00'),(860,12.05,'2019-01-19 15:19:04'),(861,39.72,'2019-01-19 15:20:03'),(862,16.41,'2019-01-19 15:20:03'),(863,22.98,'2019-01-19 15:19:02'),(864,7.43,'2019-01-19 15:19:45'),(865,27.44,'2019-01-19 15:19:02'),(866,27.50,'2019-01-19 15:17:49'),(867,39.52,'2019-01-19 15:20:08'),(868,15.21,'2019-01-19 15:19:31'),(869,14.07,'2019-01-19 15:17:55'),(870,33.82,'2019-01-19 15:20:13'),(871,31.13,'2019-01-19 15:20:14'),(872,1.55,'2019-01-19 15:20:16'),(873,30.96,'2019-01-19 15:20:17'),(874,0.74,'2019-01-19 15:19:05'),(875,10.27,'2019-01-19 15:19:32'),(876,14.17,'2019-01-19 15:20:21'),(877,32.80,'2019-01-19 15:16:43'),(878,1.12,'2019-01-19 15:16:44'),(879,14.85,'2019-01-19 15:16:43'),(880,32.81,'2019-01-19 15:16:43'),(881,0.64,'2019-01-19 15:19:33'),(882,17.00,'2019-01-19 15:16:38'),(883,17.94,'2019-01-19 15:20:06'),(884,6.23,'2019-01-19 15:20:23'),(885,5.82,'2019-01-19 15:16:41'),(886,12.74,'2019-01-19 15:18:10'),(887,14.24,'2019-01-19 15:18:12'),(888,19.43,'2019-01-19 15:20:25'),(889,4.09,'2019-01-19 15:20:27'),(890,26.27,'2019-01-19 15:20:27'),(891,22.13,'2019-01-19 15:19:20'),(892,39.89,'2019-01-19 15:18:29'),(893,4.48,'2019-01-19 15:16:35'),(894,24.95,'2019-01-19 15:19:19'),(895,14.12,'2019-01-19 15:17:18'),(896,12.92,'2019-01-19 15:19:19'),(897,25.94,'2019-01-19 15:20:30'),(898,21.05,'2019-01-19 15:18:16'),(899,30.88,'2019-01-19 15:16:33'),(900,16.75,'2019-01-19 15:16:34'),(901,34.66,'2019-01-19 15:16:26'),(902,14.57,'2019-01-19 15:16:25'),(903,32.57,'2019-01-19 15:19:41'),(904,17.20,'2019-01-19 15:19:28'),(905,20.45,'2019-01-19 15:16:25'),(906,11.34,'2019-01-19 15:18:21'),(907,31.27,'2019-01-19 15:18:22'),(908,36.85,'2019-01-19 15:19:27'),(909,26.86,'2019-01-19 15:19:26'),(910,0.34,'2019-01-19 15:19:27'),(911,12.69,'2019-01-19 15:20:31'),(912,4.37,'2019-01-19 15:16:59'),(913,17.89,'2019-01-19 15:20:22'),(914,31.24,'2019-01-19 15:18:26'),(915,19.93,'2019-01-19 15:18:28'),(916,36.75,'2019-01-19 15:19:15'),(917,33.58,'2019-01-19 15:19:45'),(918,34.71,'2019-01-19 15:18:28'),(919,25.71,'2019-01-19 15:20:26'),(920,16.93,'2019-01-19 15:18:28'),(921,11.94,'2019-01-19 15:18:29'),(922,21.26,'2019-01-19 15:18:30'),(923,10.60,'2019-01-19 15:19:46'),(924,21.56,'2019-01-19 15:19:11'),(925,34.28,'2019-01-19 15:19:11'),(926,23.56,'2019-01-19 15:20:25'),(927,6.48,'2019-01-19 15:19:12'),(928,39.34,'2019-01-19 15:20:24'),(929,31.49,'2019-01-19 15:20:23'),(930,31.21,'2019-01-19 15:17:42'),(931,7.55,'2019-01-19 15:18:33'),(932,32.93,'2019-01-19 15:19:06'),(933,6.51,'2019-01-19 15:19:10'),(934,29.80,'2019-01-19 15:20:21'),(935,1.90,'2019-01-19 15:18:34'),(936,10.60,'2019-01-19 15:18:34'),(937,23.08,'2019-01-19 15:19:08'),(938,32.46,'2019-01-19 15:18:37'),(939,38.46,'2019-01-19 15:18:59'),(940,0.98,'2019-01-19 15:19:05'),(941,25.08,'2019-01-19 15:20:18'),(942,35.05,'2019-01-19 15:20:02'),(943,6.38,'2019-01-19 15:17:00'),(944,39.95,'2019-01-19 15:17:47'),(945,37.73,'2019-01-19 15:20:12'),(946,34.14,'2019-01-19 15:18:55'),(947,24.87,'2019-01-19 15:17:55'),(948,36.67,'2019-01-19 15:17:56'),(949,17.24,'2019-01-19 15:20:04'),(950,35.06,'2019-01-19 15:19:15'),(951,0.00,'2019-01-18 21:43:55'),(952,0.00,'2019-01-18 21:43:56'),(953,0.00,'2019-01-18 21:43:56'),(954,0.00,'2019-01-18 21:43:57'),(955,0.00,'2019-01-18 21:43:57'),(956,0.00,'2019-01-18 21:43:57'),(957,0.00,'2019-01-18 21:43:58'),(958,0.00,'2019-01-18 21:43:58'),(959,0.00,'2019-01-18 21:43:58'),(960,0.00,'2019-01-19 15:20:05'),(961,0.00,'2019-01-18 21:43:59'),(962,0.00,'2019-01-18 21:43:59'),(963,0.00,'2019-01-18 21:44:00'),(964,0.00,'2019-01-18 21:44:00'),(965,0.00,'2019-01-18 21:44:01'),(966,0.00,'2019-01-18 21:44:01'),(967,0.00,'2019-01-18 21:44:01'),(968,0.00,'2019-01-18 21:44:02'),(969,0.00,'2019-01-18 21:44:02'),(970,0.00,'2019-01-19 15:17:57'),(971,0.00,'2019-01-18 21:44:03'),(972,0.00,'2019-01-18 21:44:04'),(973,0.00,'2019-01-18 21:44:04'),(974,0.00,'2019-01-18 21:44:05'),(975,0.00,'2019-01-18 21:44:05'),(976,0.00,'2019-01-18 21:44:05'),(977,0.00,'2019-01-18 21:44:05'),(978,0.00,'2019-01-18 21:44:06'),(979,0.00,'2019-01-18 21:44:06'),(980,0.00,'2019-01-19 15:17:58'),(981,0.00,'2019-01-18 21:44:07'),(982,0.00,'2019-01-18 21:44:07'),(983,0.00,'2019-01-18 21:44:07'),(984,0.00,'2019-01-18 21:44:07'),(985,0.00,'2019-01-18 21:44:08'),(986,0.00,'2019-01-18 21:44:08'),(987,0.00,'2019-01-18 21:44:08'),(988,0.00,'2019-01-18 21:44:08'),(989,0.00,'2019-01-18 21:44:09'),(990,0.00,'2019-01-19 15:20:06'),(991,0.00,'2019-01-18 21:44:09'),(992,0.00,'2019-01-18 21:44:10'),(993,0.00,'2019-01-18 21:44:10'),(994,0.00,'2019-01-18 21:44:11'),(995,0.00,'2019-01-18 21:44:11'),(996,0.00,'2019-01-18 21:44:11'),(997,0.00,'2019-01-18 21:44:12'),(998,0.00,'2019-01-18 21:44:12'),(999,0.00,'2019-01-18 21:44:12'),(1000,0.00,'2019-01-19 15:16:58');
/*!40000 ALTER TABLE `Valore` ENABLE KEYS */;
UNLOCK TABLES;

--
-- Table structure for table `Valori_Associati`
--

DROP TABLE IF EXISTS `Valori_Associati`;
/*!40101 SET @saved_cs_client     = @@character_set_client */;
/*!40101 SET character_set_client = utf8 */;
CREATE TABLE `Valori_Associati` (
  `ID` int(10) unsigned NOT NULL AUTO_INCREMENT,
  `Min_ValueTemperatura` double unsigned NOT NULL,
  `Max_ValueTemperatura` double unsigned NOT NULL,
  `Min_ValuePressione` double unsigned NOT NULL,
  `Max_ValuePressione` double unsigned NOT NULL,
  `Min_ValueUmidita` double unsigned NOT NULL,
  `Max_ValueUmidita` double unsigned NOT NULL,
  `Min_ValueLuminosita` double unsigned NOT NULL,
  `Max_ValueLuminosita` double unsigned NOT NULL,
  PRIMARY KEY (`ID`)
) ENGINE=InnoDB AUTO_INCREMENT=201 DEFAULT CHARSET=utf8mb4 COLLATE=utf8mb4_0900_ai_ci ROW_FORMAT=COMPACT;
/*!40101 SET character_set_client = @saved_cs_client */;

--
-- Dumping data for table `Valori_Associati`
--

LOCK TABLES `Valori_Associati` WRITE;
/*!40000 ALTER TABLE `Valori_Associati` DISABLE KEYS */;
INSERT INTO `Valori_Associati` (`ID`, `Min_ValueTemperatura`, `Max_ValueTemperatura`, `Min_ValuePressione`, `Max_ValuePressione`, `Min_ValueUmidita`, `Max_ValueUmidita`, `Min_ValueLuminosita`, `Max_ValueLuminosita`) VALUES (1,15,23,1000,1500,30,70,300,800),(2,15,23,1000,1500,30,70,300,800),(3,15,23,1000,1500,30,70,300,800),(4,15,23,1000,1500,30,70,300,800),(5,15,23,1000,1500,30,70,300,800),(6,15,23,1000,1500,30,70,300,800),(7,15,23,1000,1500,30,70,300,800),(8,15,23,1000,1500,30,70,300,800),(9,15,23,1000,1500,30,70,300,800),(10,15,23,1000,1500,30,70,300,800),(11,15,23,1000,1500,30,70,300,800),(12,15,23,1000,1500,30,70,300,800),(13,15,23,1000,1500,30,70,300,800),(14,15,23,1000,1500,30,70,300,800),(15,15,23,1000,1500,30,70,300,800),(16,15,23,1000,1500,30,70,300,800),(17,15,23,1000,1500,30,70,300,800),(18,15,23,1000,1500,30,70,300,800),(19,15,23,1000,1500,30,70,300,800),(20,15,23,1000,1500,30,70,300,800),(21,15,23,1000,1500,30,70,300,800),(22,15,23,1000,1500,30,70,300,800),(23,15,23,1000,1500,30,70,300,800),(24,15,23,1000,1500,30,70,300,800),(25,15,23,1000,1500,30,70,300,800),(26,15,23,1000,1500,30,70,300,800),(27,15,23,1000,1500,30,70,300,800),(28,15,23,1000,1500,30,70,300,800),(29,15,23,1000,1500,30,70,300,800),(30,15,23,1000,1500,30,70,300,800),(31,15,23,1000,1500,30,70,300,800),(32,15,23,1000,1500,30,70,300,800),(33,15,23,1000,1500,30,70,300,800),(34,15,23,1000,1500,30,70,300,800),(35,15,23,1000,1500,30,70,300,800),(36,15,23,1000,1500,30,70,300,800),(37,15,23,1000,1500,30,70,300,800),(38,15,23,1000,1500,30,70,300,800),(39,15,23,1000,1500,30,70,300,800),(40,15,23,1000,1500,30,70,300,800),(41,15,23,1000,1500,30,70,300,800),(42,15,23,1000,1500,30,70,300,800),(43,15,23,1000,1500,30,70,300,800),(44,15,23,1000,1500,30,70,300,800),(45,15,23,1000,1500,30,70,300,800),(46,15,23,1000,1500,30,70,300,800),(47,15,23,1000,1500,30,70,300,800),(48,15,23,1000,1500,30,70,300,800),(49,15,23,1000,1500,30,70,300,800),(50,15,23,1000,1500,30,70,300,800),(51,15,23,1000,1500,30,70,300,800),(52,15,23,1000,1500,30,70,300,800),(53,15,23,1000,1500,30,70,300,800),(54,15,23,1000,1500,30,70,300,800),(55,15,23,1000,1500,30,70,300,800),(56,15,23,1000,1500,30,70,300,800),(57,15,23,1000,1500,30,70,300,800),(58,15,23,1000,1500,30,70,300,800),(59,15,23,1000,1500,30,70,300,800),(60,15,23,1000,1500,30,70,300,800),(61,15,23,1000,1500,30,70,300,800),(62,15,23,1000,1500,30,70,300,800),(63,15,23,1000,1500,30,70,300,800),(64,15,23,1000,1500,30,70,300,800),(65,15,23,1000,1500,30,70,300,800),(66,15,23,1000,1500,30,70,300,800),(67,15,23,1000,1500,30,70,300,800),(68,15,23,1000,1500,30,70,300,800),(69,15,23,1000,1500,30,70,300,800),(70,15,23,1000,1500,30,70,300,800),(71,15,23,1000,1500,30,70,300,800),(72,15,23,1000,1500,30,70,300,800),(73,15,23,1000,1500,30,70,300,800),(74,15,23,1000,1500,30,70,300,800),(75,15,23,1000,1500,30,70,300,800),(76,15,23,1000,1500,30,70,300,800),(77,15,23,1000,1500,30,70,300,800),(78,15,23,1000,1500,30,70,300,800),(79,15,23,1000,1500,30,70,300,800),(80,15,23,1000,1500,30,70,300,800),(81,15,23,1000,1500,30,70,300,800),(82,15,23,1000,1500,30,70,300,800),(83,15,23,1000,1500,30,70,300,800),(84,15,23,1000,1500,30,70,300,800),(85,15,23,1000,1500,30,70,300,800),(86,15,23,1000,1500,30,70,300,800),(87,15,23,1000,1500,30,70,300,800),(88,15,23,1000,1500,30,70,300,800),(89,15,23,1000,1500,30,70,300,800),(90,15,23,1000,1500,30,70,300,800),(91,15,23,1000,1500,30,70,300,800),(92,15,23,1000,1500,30,70,300,800),(93,15,23,1000,1500,30,70,300,800),(94,15,23,1000,1500,30,70,300,800),(95,15,23,1000,1500,30,70,300,800),(96,15,23,1000,1500,30,70,300,800),(97,15,23,1000,1500,30,70,300,800),(98,15,23,1000,1500,30,70,300,800),(99,15,23,1000,1500,30,70,300,800),(100,15,23,1000,1500,30,70,300,800),(101,15,23,1000,1500,30,70,300,800),(102,15,23,1000,1500,30,70,300,800),(103,15,23,1000,1500,30,70,300,800),(104,15,23,1000,1500,30,70,300,800),(105,15,23,1000,1500,30,70,300,800),(106,15,23,1000,1500,30,70,300,800),(107,15,23,1000,1500,30,70,300,800),(108,15,23,1000,1500,30,70,300,800),(109,15,23,1000,1500,30,70,300,800),(110,15,23,1000,1500,30,70,300,800),(111,15,23,1000,1500,30,70,300,800),(112,15,23,1000,1500,30,70,300,800),(113,15,23,1000,1500,30,70,300,800),(114,15,23,1000,1500,30,70,300,800),(115,15,23,1000,1500,30,70,300,800),(116,15,23,1000,1500,30,70,300,800),(117,15,23,1000,1500,30,70,300,800),(118,15,23,1000,1500,30,70,300,800),(119,15,23,1000,1500,30,70,300,800),(120,15,23,1000,1500,30,70,300,800),(121,15,23,1000,1500,30,70,300,800),(122,15,23,1000,1500,30,70,300,800),(123,15,23,1000,1500,30,70,300,800),(124,15,23,1000,1500,30,70,300,800),(125,15,23,1000,1500,30,70,300,800),(126,15,23,1000,1500,30,70,300,800),(127,15,23,1000,1500,30,70,300,800),(128,15,23,1000,1500,30,70,300,800),(129,15,23,1000,1500,30,70,300,800),(130,15,23,1000,1500,30,70,300,800),(131,15,23,1000,1500,30,70,300,800),(132,15,23,1000,1500,30,70,300,800),(133,15,23,1000,1500,30,70,300,800),(134,15,23,1000,1500,30,70,300,800),(135,15,23,1000,1500,30,70,300,800),(136,15,23,1000,1500,30,70,300,800),(137,15,23,1000,1500,30,70,300,800),(138,15,23,1000,1500,30,70,300,800),(139,15,23,1000,1500,30,70,300,800),(140,15,23,1000,1500,30,70,300,800),(141,15,23,1000,1500,30,70,300,800),(142,15,23,1000,1500,30,70,300,800),(143,15,23,1000,1500,30,70,300,800),(144,15,23,1000,1500,30,70,300,800),(145,15,23,1000,1500,30,70,300,800),(146,15,23,1000,1500,30,70,300,800),(147,15,23,1000,1500,30,70,300,800),(148,15,23,1000,1500,30,70,300,800),(149,15,23,1000,1500,30,70,300,800),(150,15,23,1000,1500,30,70,300,800),(151,15,23,1000,1500,30,70,300,800),(152,15,23,1000,1500,30,70,300,800),(153,15,23,1000,1500,30,70,300,800),(154,15,23,1000,1500,30,70,300,800),(155,15,23,1000,1500,30,70,300,800),(156,15,23,1000,1500,30,70,300,800),(157,15,23,1000,1500,30,70,300,800),(158,15,23,1000,1500,30,70,300,800),(159,15,23,1000,1500,30,70,300,800),(160,15,23,1000,1500,30,70,300,800),(161,15,23,1000,1500,30,70,300,800),(162,15,23,1000,1500,30,70,300,800),(163,15,23,1000,1500,30,70,300,800),(164,15,23,1000,1500,30,70,300,800),(165,15,23,1000,1500,30,70,300,800),(166,15,23,1000,1500,30,70,300,800),(167,15,23,1000,1500,30,70,300,800),(168,15,23,1000,1500,30,70,300,800),(169,15,23,1000,1500,30,70,300,800),(170,15,23,1000,1500,30,70,300,800),(171,15,23,1000,1500,30,70,300,800),(172,15,23,1000,1500,30,70,300,800),(173,15,23,1000,1500,30,70,300,800),(174,15,23,1000,1500,30,70,300,800),(175,15,23,1000,1500,30,70,300,800),(176,15,23,1000,1500,30,70,300,800),(177,15,23,1000,1500,30,70,300,800),(178,15,23,1000,1500,30,70,300,800),(179,15,23,1000,1500,30,70,300,800),(180,15,23,1000,1500,30,70,300,800),(181,15,23,1000,1500,30,70,300,800),(182,15,23,1000,1500,30,70,300,800),(183,15,23,1000,1500,30,70,300,800),(184,15,23,1000,1500,30,70,300,800),(185,15,23,1000,1500,30,70,300,800),(186,15,23,1000,1500,30,70,300,800),(187,15,23,1000,1500,30,70,300,800),(188,15,23,1000,1500,30,70,300,800),(189,15,23,1000,1500,30,70,300,800),(190,15,23,1000,1500,30,70,300,800),(191,15,23,1000,1500,30,70,300,800),(192,15,23,1000,1500,30,70,300,800),(193,15,23,1000,1500,30,70,300,800),(194,15,23,1000,1500,30,70,300,800),(195,15,23,1000,1500,30,70,300,800),(196,15,23,1000,1500,30,70,300,800),(197,15,23,1000,1500,30,70,300,800),(198,15,23,1000,1500,30,70,300,800),(199,15,23,1000,1500,30,70,300,800),(200,15,23,1000,1500,30,70,300,800);
/*!40000 ALTER TABLE `Valori_Associati` ENABLE KEYS */;
UNLOCK TABLES;

--
-- Table structure for table `Zona`
--

DROP TABLE IF EXISTS `Zona`;
/*!40101 SET @saved_cs_client     = @@character_set_client */;
/*!40101 SET character_set_client = utf8 */;
CREATE TABLE `Zona` (
  `ID` int(10) unsigned NOT NULL AUTO_INCREMENT,
  `nome` varchar(16) NOT NULL,
  `ID_gestore` int(10) unsigned NOT NULL,
  `ID_citta` int(10) unsigned NOT NULL,
  PRIMARY KEY (`ID`),
  KEY `gestore_zona` (`ID_gestore`),
  KEY `citta_zona` (`ID_citta`),
  CONSTRAINT `citta_zona` FOREIGN KEY (`ID_citta`) REFERENCES `Citta` (`id`),
  CONSTRAINT `gestore_zona` FOREIGN KEY (`ID_gestore`) REFERENCES `Utente` (`id`)
) ENGINE=InnoDB AUTO_INCREMENT=5 DEFAULT CHARSET=utf8mb4 COLLATE=utf8mb4_0900_ai_ci ROW_FORMAT=COMPACT;
/*!40101 SET character_set_client = @saved_cs_client */;

--
-- Dumping data for table `Zona`
--

LOCK TABLES `Zona` WRITE;
/*!40000 ALTER TABLE `Zona` DISABLE KEYS */;
INSERT INTO `Zona` (`ID`, `nome`, `ID_gestore`, `ID_citta`) VALUES (1,'zona1',21,1),(2,'zona2',22,1),(3,'zona3',23,1),(4,'zona4',24,1);
/*!40000 ALTER TABLE `Zona` ENABLE KEYS */;
UNLOCK TABLES;
/*!40103 SET TIME_ZONE=@OLD_TIME_ZONE */;

/*!40101 SET SQL_MODE=@OLD_SQL_MODE */;
/*!40014 SET FOREIGN_KEY_CHECKS=@OLD_FOREIGN_KEY_CHECKS */;
/*!40014 SET UNIQUE_CHECKS=@OLD_UNIQUE_CHECKS */;
/*!40101 SET CHARACTER_SET_CLIENT=@OLD_CHARACTER_SET_CLIENT */;
/*!40101 SET CHARACTER_SET_RESULTS=@OLD_CHARACTER_SET_RESULTS */;
/*!40101 SET COLLATION_CONNECTION=@OLD_COLLATION_CONNECTION */;
/*!40111 SET SQL_NOTES=@OLD_SQL_NOTES */;

-- Dump completed on 2019-01-20 15:29:05
